"geoName","geoCode","week_1-20191229-20200104","week_2-20200105-20200111","week_3-20200112-20200118","week_4-20200119-20200125","week_5-20200126-20200201","week_6-20200202-20200208","week_7-20200209-20200215","week_8-20200216-20200222","week_9-20200223-20200229","week_10-20200301-20200307","week_11-20200308-20200314","week_12-20200315-20200321","week_13-20200322-20200328","week_14-20200329-20200404","week_15-20200405-20200411","week_16-20200412-20200418","week_17-20200419-20200425","week_18-20200426-20200502","week_19-20200503-20200509","week_20-20200510-20200516","week_21-20200517-20200523","week_22-20200524-20200530","week_23-20200531-20200606","week_24-20200607-20200613","week_25-20200614-20200620","week_26-20200621-20200627","week_27-20200628-20200704","week_28-20200705-20200711","week_29-20200712-20200718","week_30-20200719-20200725","week_31-20200726-20200801","week_32-20200802-20200808","week_33-20200809-20200815","week_34-20200816-20200822","week_35-20200823-20200829","week_36-20200830-20200905","week_37-20200906-20200912","week_38-20200913-20200919","week_39-20200920-20200926","week_40-20200927-20201003","week_41-20201004-20201010","week_42-20201011-20201017","week_43-20201018-20201024","week_44-20201025-20201031","week_45-20201101-20201107","week_46-20201108-20201114","week_47-20201115-20201121","week_48-20201122-20201128","week_49-20201129-20201205","week_50-20201206-20201212","week_51-20201213-20201219","week_52-20201220-20201226","week_53-20201227-20210102","week_54-20210103-20210109","week_55-20210110-20210116","week_56-20210117-20210123","week_57-20210124-20210130","week_58-20210131-20210206","week_59-20210207-20210213","week_60-20210214-20210220","week_61-20210221-20210227","week_62-20210228-20210306","week_63-20210307-20210313","week_64-20210314-20210320","week_65-20210321-20210327","week_66-20210328-20210403","week_67-20210404-20210410","week_68-20210411-20210417","week_69-20210418-20210424","week_70-20210425-20210501","week_71-20210502-20210508","week_72-20210509-20210515","week_73-20210516-20210522","week_74-20210523-20210529","week_75-20210530-20210605","week_76-20210606-20210612","week_77-20210613-20210619","week_78-20210620-20210626","week_79-20210627-20210703","week_80-20210704-20210710","week_81-20210711-20210717","week_82-20210718-20210724","week_83-20210725-20210731","week_84-20210801-20210807","week_85-20210808-20210814","week_86-20210815-20210821","week_87-20210822-20210828","week_88-20210829-20210904","week_89-20210905-20210911","week_90-20210912-20210918","week_91-20210919-20210925","week_92-20210926-20211002","week_93-20211003-20211009","week_94-20211010-20211016","week_95-20211017-20211023","week_96-20211024-20211030","week_97-20211031-20211106","week_98-20211107-20211113","week_99-20211114-20211120","week_100-20211121-20211127","week_101-20211128-20211204","week_102-20211205-20211211","week_103-20211212-20211218","week_104-20211219-20211225","week_105-20211226-20220101","week_106-20220102-20220108","week_107-20220109-20220115","week_108-20220116-20220122","week_109-20220123-20220129","week_110-20220130-20220205","week_111-20220206-20220212","week_112-20220213-20220219","week_113-20220220-20220226","week_114-20220227-20220305","week_115-20220306-20220312","week_116-20220313-20220319","week_117-20220320-20220326","week_118-20220327-20220402","week_119-20220403-20220409","week_120-20220410-20220416","week_121-20220417-20220423","week_122-20220424-20220430","week_123-20220501-20220507","week_124-20220508-20220514","week_125-20220515-20220521","week_126-20220522-20220528","week_127-20220529-20220604","week_128-20220605-20220611","week_129-20220612-20220618","week_130-20220619-20220625","week_131-20220626-20220702","week_132-20220703-20220709","week_133-20220710-20220716","week_134-20220717-20220723","week_135-20220724-20220730","week_136-20220731-20220806","week_137-20220807-20220813","week_138-20220814-20220820","week_139-20220821-20220827","week_140-20220828-20220903","week_141-20220904-20220910","week_142-20220911-20220917","week_143-20220918-20220924","week_144-20220925-20221001","week_145-20221002-20221008","week_146-20221009-20221015","week_147-20221016-20221022","week_148-20221023-20221029","week_149-20221030-20221105","week_150-20221106-20221112","week_151-20221113-20221119","week_152-20221120-20221126","week_153-20221127-20221203","week_154-20221204-20221210","week_155-20221211-20221217","week_156-20221218-20221224","week_157-20221225-20221231","week_158-20230101-20230107","week_159-20230108-20230114","week_160-20230115-20230121","week_161-20230122-20230128","week_162-20230129-20230204","week_163-20230205-20230211","week_164-20230212-20230218","week_165-20230219-20230225","week_166-20230226-20230304","week_167-20230305-20230311","week_168-20230312-20230318","week_169-20230319-20230325","week_170-20230326-20230401","week_171-20230402-20230408","week_172-20230409-20230415","week_173-20230416-20230422","week_174-20230423-20230429","week_175-20230430-20230506","week_176-20230507-20230513","week_177-20230514-20230520","week_178-20230521-20230527","week_179-20230528-20230603","week_180-20230604-20230610","week_181-20230611-20230617","week_182-20230618-20230624","week_183-20230625-20230701","week_184-20230702-20230708","week_185-20230709-20230715","week_186-20230716-20230722","week_187-20230723-20230729","week_188-20230730-20230805","week_189-20230806-20230812","week_190-20230813-20230819","week_191-20230820-20230826","week_192-20230827-20230902","week_193-20230903-20230909","week_194-20230910-20230916","week_195-20230917-20230923","week_196-20230924-20230930","week_197-20231001-20231007","week_198-20231008-20231014","week_199-20231015-20231021","week_200-20231022-20231028","week_201-20231029-20231104","week_202-20231105-20231111","week_203-20231112-20231118","week_204-20231119-20231125","week_205-20231126-20231202","week_206-20231203-20231209","week_207-20231210-20231216","week_208-20231217-20231223","week_209-20231224-20231230","week_210-20231231-20240106","week_211-20240107-20240113","week_212-20240114-20240120","week_213-20240121-20240127","week_214-20240128-20240203","week_215-20240204-20240210","week_216-20240211-20240217","week_217-20240218-20240224","week_218-20240225-20240302","week_219-20240303-20240309","week_220-20240310-20240316","week_221-20240317-20240323","week_222-20240324-20240330","week_223-20240331-20240406","week_224-20240407-20240413","week_225-20240414-20240420","week_226-20240421-20240427","week_227-20240428-20240504","week_228-20240505-20240511","week_229-20240512-20240519"
"Alabama","US-AL",0.78,0.78,0.88,1.03,1.14,2.14,2.43,1.7,2.06,11.31,6.47,3.37,2.81,1.54,2.52,3.16,2.33,3.78,2.65,1.73,3.55,3.32,3.44,3.14,3.16,4.42,3.42,3.58,3.44,4.26,4.02,6.27,11.67,9.45,5.96,8.68,5.36,6.5,7.25,19.18,12.27,12.71,18.09,14.42,73.68,32.11,9.04,6.98,5.7,4.39,5.71,4.09,3.48,8.07,10,45.3,17.63,10.93,7.81,7.33,7.84,7.14,9,8.43,8.68,5,6.41,4,3.89,7.16,4.32,4.53,3.64,2.66,3.69,2.58,5,4.32,3.22,3.24,2.92,3.09,3.71,3.33,2.92,9.22,10.06,9.79,10.59,7.09,4.51,4.55,4.76,3.69,4.16,6.43,8.08,6.68,5.31,4.08,3.38,3,3.46,4.19,3.31,3.13,3.4,4.11,4.82,3.48,6.25,4.06,7.15,8.58,6.67,4.73,4.32,4.33,2.91,3.86,3.48,3.73,4.38,3.69,3.62,3.47,3.86,4,5.14,6.54,2.91,4.11,5.3,6.65,3.38,3.23,3.63,3.09,7.48,5.33,3.46,2.92,3.69,3.58,4.73,3.59,3.18,2.14,2.91,3.24,3,2.22,2.31,2.44,2.59,2.15,2.76,2.4,3,2.67,2.59,2.48,4,2.29,2.82,2.23,2.26,2.29,2.26,3.04,2.67,2.24,2.15,4.31,3.62,2.44,2.59,2.44,4.89,4.38,3.48,4.1,3.1,3.29,3.8,2.69,3.75,2.62,2.44,2.47,3.4,3.45,2.6,3.19,1.93,2.51,2.4,3,4,3.3,2.17,2.46,2.17,2.82,2.18,1.85,2.6,3.47,1.95,1.92,2,3.17,3,3.38,5.15,3.03,2.91,3,7.34,3.69,2.08,3.08,3.97,2.88,3.32,2.88,3.26,2.77,3.13
"Alaska","US-AK",1.81,0,0,1.07,1.52,1.64,1.57,1.94,1.38,9.66,7.49,4.59,5.41,1.2,3.3,3.35,3,4.33,3.44,1.6,3.64,4.51,3.89,3.14,3.91,5.48,3.49,4.53,4.11,4.79,3.78,8.31,13.67,12.41,7.42,8.51,5.87,7.33,8.91,27.4,14.09,18.59,21.65,20.35,68.42,41.62,11.2,11.39,7.98,5.37,6.71,5.45,4.72,12.1,12.5,46.07,22.35,14.44,11.4,10.58,10.24,9.43,10.67,11.71,12.07,6.03,8.85,5.93,5.14,8.63,5.26,6.51,5.18,4.37,4.62,2.42,6.62,3.89,4.65,4.42,1.86,3.69,3.47,4.92,3.81,10.03,10.97,9.66,12.11,9.27,4.51,5.36,5.81,4.2,6,6.67,7.85,8.72,5.94,4.48,4.08,4.2,3.69,5.05,5.38,3.06,6.1,4.37,5.18,4.55,6.77,3.18,7.45,9.16,7.11,7.52,4.84,4.78,4.63,3.64,4.56,4,3.32,4.54,5.07,3.56,3.86,3.51,4.57,6.54,3.88,4.95,5.76,7.95,3.75,3.54,2.92,4.2,8.59,5.87,4.38,3.5,5.33,3.5,5.33,3.26,3.18,2.43,3.77,3.55,5.38,2.11,3.69,2.81,3.11,3.46,2.59,3.68,3.18,2.87,3.19,3.14,4.77,3.07,3.64,3.46,2.61,4.41,3.65,3.26,3.47,3.68,2.3,5.38,4.24,2.3,3.26,2.67,4.62,4.38,3.87,3.7,3.31,2.81,4.1,3,2.5,2.46,2.78,2.21,3.7,6.09,4.13,8.81,2.55,2.35,3.69,3.92,4.82,3.8,2.17,3.21,3.2,4.32,2.64,3.38,3.1,3.56,1.47,1.83,4,3.34,2.88,4.88,5.15,5.08,3.55,3.31,7,4.04,2.25,5.08,5.42,4.08,4.39,3.35,3.26,2.88,3
"Arizona","US-AZ",0.92,0.91,0.91,0.97,1.1,2.21,1.91,2.3,2.19,9.93,7.83,5.61,4,1.94,4,4,2.73,4.67,3.35,2.4,4.27,4.34,4.78,4.29,4.19,6.44,4.65,5.05,5.11,6.38,5.73,8,15,13,8.73,8.85,7.02,8.83,10.11,27.05,17.73,21.65,28.11,20.86,89.47,42.22,9.82,8.08,6.84,5.37,7,4.26,3.93,8.84,9.58,42.23,19.2,10.37,7.98,8.14,8.32,7.86,8.83,8.86,9.63,5.77,7.18,5.1,5,8,4.74,5.58,4.45,3.26,4.21,3.33,5.74,4.54,3.3,3.47,3.08,3.26,3.87,3.42,3.41,8.95,9.55,9.1,9.65,7.27,5.03,4.91,4.67,4.2,4.55,6.19,7.62,7.13,5.83,4.96,3.69,3.6,3.15,4.76,4.08,3.96,4.4,3.94,5.18,4.35,5.62,3.71,6.85,7.42,5.44,4.61,4.84,4.56,3.43,4.29,3.72,3.36,3.24,3.6,3.62,3.47,3.86,4.08,5.6,6.41,3.71,5.05,6.06,7.14,3.6,3.46,3.24,3.26,7.8,6.2,3.92,3.58,4.1,3.83,4.12,4.02,3.55,2.36,2.91,3.24,3.44,2.44,3,4.52,2.89,2.46,2.82,2.8,3.53,2.8,2.52,2.67,4.39,2.57,3.27,2.23,2.09,2.91,2.43,2.89,2.8,2.56,2.52,4.92,3.93,2.74,2.74,2.89,5.42,4.38,4.06,3.9,3.93,3.77,3.7,2.69,4,2.69,3.44,3.62,3.8,4,2.8,4.12,2.62,4.54,3.43,3.42,4.35,3.4,2.5,3.21,2.74,3.26,2.64,2.92,3.2,4.03,2.58,2.67,2.92,3.51,3.24,3.56,5.59,3.68,3.09,3.21,6.49,3.58,4.58,3.58,3.97,3.96,4.07,3,3.65,3.12,3.13
"Arkansas","US-AR",0.68,1,1.03,0.86,0.9,2.36,2.43,1.94,2,11.03,6.98,3.57,3.57,1.83,2.7,2.6,2.47,3.33,2.38,1.8,3.36,3.66,3.56,3.43,4.09,5.1,3.64,4.11,3.89,5,4.88,7.22,13,10.64,6.25,8.17,5.87,7.33,7.7,21.58,12.73,15.53,22.29,18.03,69.47,32.11,9.82,8.27,6.02,5.24,6.14,4.51,4.2,9,11.04,42.23,21.41,11.3,8.63,7.81,8.8,8.14,8.83,8.43,8.27,5.13,6.03,4.55,4.58,7.58,4.53,4.07,4.55,2.57,3.9,3.17,4.71,4.86,3.15,3.47,2.92,3.34,3.63,3.33,3.57,8.81,9.94,9.93,11.16,7.27,4.82,4.91,5.52,3.69,4.55,6.19,8.08,7.36,5.1,4.56,3.85,3.34,3.31,4.57,3.77,3.13,3,3.86,5.06,3.87,5.42,3.44,6.85,7.71,6.22,4.36,4.32,4.33,3.51,3.96,3.72,2.91,3.16,3.6,3.62,3.38,3.77,3.84,5.14,6.41,3.88,4.95,5.15,7.46,3.22,3.08,3.16,3.6,7.16,5.76,3.62,3.08,4.21,3.42,4.36,4.46,3,2.43,3,3.16,3.26,2.39,2.62,2.59,2.96,2.77,2.35,2.56,3.26,2.74,2.3,2.76,4,2.43,3.36,2.23,2.17,2.91,2.52,2.74,3,2.16,1.85,4.62,3.93,2.59,2.44,2.59,4.36,4.04,4.26,3.8,3.52,3.48,3.9,2.54,3.88,2.77,2.56,2.82,3,3.27,2.67,3.75,2.21,2.68,3.17,3.5,4.12,3.2,2,2.14,2.4,3,2.18,2.23,2.7,3.47,2.47,2.5,2.77,3.77,4.44,3.66,5.59,3.57,3.18,3,6.49,3.23,2,3.33,3.29,3.36,3.32,2.88,3.52,2.54,2.61
"California","US-CA",1,1,1,1,1,2,2,2,2,16,8,5,4,2,4,4,3,4,3,2,4,4,5,4,4,5,4,4,4,5,5,8,15,13,8,8,6,8,8,25,15,16,21,17,100,44,11,9,7,5,6,4,4,9,10,43,17,10,7,7,8,7,8,8,8,5,5,4,5,8,4,5,4,3,4,3,5,4,3,3,3,3,3,3,3,8,8,8,7,6,4,4,4,3,3,5,6,6,5,4,3,3,3,4,3,3,3,3,4,3,5,3,7,8,5,4,4,4,3,3,3,3,3,3,3,3,3,4,4,5,3,4,5,6,3,3,3,3,7,5,3,3,4,3,4,5,3,2,3,3,3,2,2,2,2,2,2,2,3,3,2,2,4,2,3,2,2,3,2,2,2,2,2,4,3,2,2,2,4,3,3,4,3,3,3,2,3,2,2,3,3,3,2,3,2,3,3,3,4,3,2,3,4,3,2,3,3,3,2,2,2,3,3,3,5,4,4,3,7,3,2,3,3,3,3,3,3,3,3
"Colorado","US-CO",1.27,1.06,1.18,1.1,1.1,2.5,2.35,3.03,2.94,14.62,7.66,5,4.54,2.34,4.35,4.37,3.07,4.67,3.44,2.33,4,4.26,4.44,3.9,4,5,4.29,4.84,4.89,5.74,5.24,8,14,13.59,8.15,8.85,6.64,8,8.45,26.03,15.23,17.18,25.2,18.03,86.32,40.43,9.62,8.45,7,5.49,7.14,4.43,3.67,9.16,9.58,44.54,20.15,10.19,8.14,7.81,8.8,7.86,8.83,8.43,9.08,5.77,6.92,4.69,4.58,8.21,4.42,5.47,4.36,3.34,4.21,3.25,5.44,4.97,3.45,3.32,3.08,3.17,3.63,3.17,3.41,8.68,9.29,9.38,9.84,8.36,4.51,5.64,4.95,3.86,4.26,6.31,7.96,6.91,5.52,4.64,3.77,3.77,3.62,4.76,4.46,6.13,4.6,3.69,4.71,4.26,5,3.53,7.15,7.71,5.22,4,4.84,4.22,3.34,3.86,3.48,3.55,3.41,3.51,3,3.28,3.69,3.51,5.03,6.28,3.18,4.84,5.91,6.65,3,3.46,3.16,3.69,8.91,6.63,3.54,3.08,4.31,3.33,4.24,5.22,3.36,2.57,3.17,3.32,3.18,2.61,2.62,2.37,2.89,2.54,2.47,2.56,3.18,2.48,2.37,2.57,4.13,2.43,3.27,2.31,2.09,2.82,2.26,2.59,2.8,2.24,2.44,4.92,3.31,2.37,2.37,2.22,7.56,4.15,3.48,3.3,3.21,3.29,3.5,2.54,3.5,2.62,2.44,2.91,3.3,3.45,2.6,3.66,2.21,2.84,3,3.67,4.71,3.3,2.33,3.32,2.74,3.53,4.45,2.62,2.9,4.31,2.47,2.67,2.46,3.6,3.6,3.66,5.88,4.76,3.55,3.62,7.85,3.35,2.17,3.58,3.87,3.96,3.75,3.12,3.26,2.88,3.39
"Connecticut","US-CT",1.05,0.91,1.21,1.24,1.24,2.86,3.04,2.91,2.75,12.97,8.51,5.41,5.19,2.63,4.43,4.56,3.53,5.22,3.88,2.47,4.55,5.11,5.22,4.57,4.84,5.77,4.51,5.05,5.33,5.96,5.85,7.84,16,13.59,9.45,10.21,7.53,9.17,9.36,28.42,15.68,16.94,24.88,18.8,90.53,46.97,11.39,9.55,7.81,5.49,7.43,4.68,4.39,9.78,11.25,52.21,17.31,11.11,8.63,8.63,10.24,9,10.17,10.57,9.76,5.9,6.15,5.1,5.56,9.05,4.95,5.47,4.91,3.51,4.41,3.33,6.32,4.97,3.3,3.32,3.41,3.6,3.63,3.75,3.73,9.9,10.71,9.38,9.08,6.73,5.03,5.64,5.33,8.57,4.55,7.26,8.54,8.04,6.15,5.04,4,3.77,4,6.19,4.38,3.7,4,4.63,5.29,4.74,6.25,3.97,7.74,9.16,6.22,4.73,4.84,4.56,3.51,4.18,3.48,3.91,3.65,3.94,3.62,4.22,3.77,3.76,5.83,6.67,3.62,4.74,5.61,8.27,3.45,3.54,3.71,3.69,9.7,7.28,3.62,3.5,5.03,3.75,5.45,4.24,3.91,2.64,3.51,3.87,4.15,3.17,3.15,2.37,3.48,2.69,3.06,2.72,3.88,3,2.74,3.24,4.77,3,4.09,2.54,2.35,2.91,2.78,3.11,2.73,2.56,2.44,5.54,4.45,2.89,2.74,2.89,5.51,5.54,8.03,4.4,4.34,3.68,4.2,2.77,4.25,2.85,2.78,3.62,3.5,3.73,3,4.12,2.9,3.16,3.94,4.17,4.71,3.5,2.67,3.86,3.54,4.24,2.82,2.62,3,3.94,2.74,2.75,2.92,3.86,3.72,3.75,6.62,4.11,3.73,3.62,7.34,3.92,2.58,3.83,4.06,4.08,4.29,4.38,3.91,3.46,3.91
"Delaware","US-DE",2.08,1.62,1.94,1.97,2.24,4.07,4.61,4.42,4.38,14.9,11.91,7.24,6.59,3.6,5.39,6.51,4.6,7.44,5.12,3.4,5.82,7.57,8.44,6.67,7.53,8.65,6.76,7.79,6.56,8.51,8.54,11.76,28.67,23.93,14.11,13.45,10.21,12.33,11.92,33.22,20.68,23.53,30.69,24.21,105.26,54.11,16.7,13.22,9.93,7.32,9,6.21,6.56,13.34,14.38,53.75,22.35,13.7,9.93,9.44,11.68,11.57,12.33,11.86,12.75,7.95,6.92,6.76,7.64,11.37,6.21,8.14,6.91,6.94,8.82,4.83,9.41,8,4.95,5.68,4.86,5.23,5.13,7.25,7.54,12.2,12.26,12.55,12.11,9.09,7.9,6.73,7.62,6.43,7.26,8.57,9.81,10.19,7.71,6.08,3.77,4.29,5.31,6.76,7.69,4.85,5.6,6.34,6.59,6.87,9.38,5.47,8.94,10.62,8,5.58,6.53,5.89,5.23,6.11,5.88,4.73,4.86,5.14,5.07,7.41,7.54,5.88,10.29,12.82,5.21,7.37,8.33,11.68,5.77,6,6.71,6.77,11.45,8.15,5.85,5.92,7.59,5,7.27,5.98,6.82,3.71,4.71,5.29,6.62,4.17,3.77,3.93,4.81,4.46,5.29,4.08,6.88,5.54,5.26,5.81,6.32,3.07,4.91,3.54,3.39,4.68,3.74,5.26,3.4,4.4,3.78,7.08,5.28,4.15,4.07,4.22,8.89,8.54,6.58,7.9,5.9,8.61,6.6,5.15,8.75,6.69,6.11,6.62,4.8,5.73,6,5.81,3.45,4.22,5.06,4.75,6.24,6.7,4.33,7.18,4.69,6.18,4.64,4.15,4.6,7.97,4,4,4.08,5.49,5.52,7.03,7.5,6.92,5.27,4.86,9.73,4.96,3.33,5.67,5.03,5.88,6.86,5.65,6,5.08,6.52
"District of Columbia","US-DC",2.7,2.94,3.03,3.45,3.1,6.64,6,6.06,6.25,27.59,17.02,10.2,10.81,5.71,8.7,9.3,6.67,11.11,8.82,6.67,9.09,8.51,11.11,9.52,9.3,9.62,7.27,10.53,11.11,10.64,12.2,15.69,33.33,29.55,14.55,17.02,12.77,16.67,15.09,34.25,22.73,23.29,30.69,25.76,84.21,59.46,19.64,18.37,16.28,12.2,14.29,8.51,6.1,15.52,20.83,76.79,31.48,18.52,16.28,16.28,16,14.29,16.67,14.29,13.56,12.82,12.82,13.79,13.89,21.05,10.53,11.63,9.09,8.57,10.26,8.33,14.71,10.81,7.5,7.89,8.11,8.57,7.89,8.33,8.11,13.56,11.74,11.45,12.68,9.82,10.26,9.09,9.52,7.2,9.68,11.9,11.54,11.32,10.42,8,7.69,8.57,7.69,9.52,6.31,6.38,10,8.57,11.76,9.68,10.42,8.82,14.89,14.55,11.11,12.12,10.53,11.11,8.57,10.71,10.08,9.09,8.11,8.57,10.34,9.38,8.57,8.16,11.43,11.67,8.82,10.53,15.15,16.22,7.5,7.69,7.89,8.57,15.91,10.87,7.69,8.33,10.26,8.33,12.12,9.57,9.09,7.14,7.89,7.89,8.82,5.56,7.69,7.41,7.41,7.69,5.88,8,8.82,6.52,7.41,9.52,12.9,7.14,9.09,7.69,8.7,8.82,8.7,7.41,6.67,8,7.41,15.38,10.34,7.41,7.41,7.41,8.71,11.54,9.68,10,10.34,9.68,10,7.69,11.62,7.69,7.78,8.82,6.5,9.09,6.67,9.38,6.9,8.11,8.57,8.33,11.76,10,8.33,10.71,11.43,8.82,9.09,7.69,10,9.38,5.26,8.33,7.69,8.57,9.84,9.38,14.71,10.81,9.09,10.34,17.07,11.54,8.33,8.33,9.68,12,10.71,11.54,13.04,11.19,13.04
"Florida","US-FL",0.95,0.72,0.85,0.93,1.1,2.29,2.35,2,2.06,10.48,8.34,6.02,3.68,2.06,3.22,3.53,2.6,5.44,3.18,2,4.09,3.57,4.33,3.9,4.47,5.77,4.44,4.42,4.22,5.64,5.49,8.63,16,12.7,8.87,9.87,8.3,10.33,9.66,30.82,16.82,19.53,26.17,23.7,88.42,41.62,10.21,8.82,7.49,5.12,6.71,4.09,3.34,8.84,10.42,44.54,18.89,10.19,9.12,8.14,8.96,7.43,9.17,9.43,10.03,5.26,5.9,4,4.58,7.58,4.11,5.47,4.09,2.83,3.69,2.75,5.29,4.22,3.22,3.08,4.38,3.6,3.47,3.67,3.08,9.22,9.42,9.66,8.14,6.55,4.62,4.82,4.48,3.43,3.97,6.19,7.73,7.13,5,4.32,3.31,3.09,3.08,4.48,3.69,3.19,3.6,3.43,4.35,3.68,5.62,3.53,8.19,9.02,6.11,4.61,5.16,4.22,3,4.18,3.96,3.18,3.08,3.6,3.31,3.09,3.51,3.51,5.37,6.79,3.18,4.11,5.61,7.14,3.3,2.85,3.08,3.17,7.95,6.2,3.31,3.25,4.1,3.33,5.58,3.8,3.09,2.21,3.17,3.08,3.09,2.33,2.31,2.3,2.59,2.31,2.71,2.88,3.18,2.54,2.52,2.48,5.42,2.29,3.27,2.08,1.91,2.56,2.35,2.59,2.4,2.24,2.37,4.77,3.31,2.44,2.3,2.52,5.07,4.04,3.58,3.5,3,3.19,3.7,2.31,3.5,2.38,2.44,3,2.9,3.27,2.47,3.19,2.21,2.43,2.91,3.33,4,3,2.17,2.79,2.63,3.09,2.27,2.15,2.6,3.38,2.53,2.33,2.31,3.17,3.12,3.75,5.44,3.57,2.91,2.9,7,3.12,2.17,3,3.48,3.48,3.75,3.81,3.26,2.77,3.13
"Georgia","US-GA",0.86,0.66,0.88,0.9,0.95,2,2.09,1.82,2.06,9.38,6.13,3.67,3.35,1.71,3.13,3.16,2.73,3.67,2.91,2.07,3.64,4.17,4.11,3.9,3.81,4.42,3.78,3.89,3.67,4.47,4.27,7.06,14.67,10.64,6.11,7.32,4.98,6.33,6.64,22.6,12.73,15.76,23.91,19.32,81.05,38.65,10.61,7.71,5.86,4.51,6,3.91,3.41,9.31,10.62,43,18.26,10.19,6.51,6.35,7.04,6.29,7.67,9,8,4.62,5.26,3.86,4.17,8,4,4.53,3.45,2.57,3.59,2.75,4.56,4.11,2.7,2.92,2.68,2.83,3.24,3.17,3,9.49,7.87,7.72,8.32,5.64,4.1,4.36,4.1,3.26,3.48,5,5.65,6.11,4.48,4,3.15,2.83,3.38,4.29,3.92,2.94,4.6,3.17,4.24,3.58,5.21,3.26,6.11,6.69,5.22,3.88,3.89,3.56,2.83,3.43,3.12,3.09,2.76,3,3.1,3,3.17,2.94,4.34,5.26,3.09,3.79,4.55,5.68,3,3.08,3.16,2.91,6.84,4.78,3.08,3.08,3.69,3.33,4,3.26,3.09,2.07,2.74,3,3.18,2.22,2.23,2.22,2.37,2.08,2.18,2.08,2.82,2.61,2.37,2.29,3.61,2.07,2.82,1.92,1.74,2.47,2.35,2.59,2.07,2.08,2.22,4.15,3.31,2.37,2.15,2.3,4.44,4.15,3.19,3.3,3.21,3,3.4,2.54,3.38,2.23,2,2.82,2.8,3.09,2.47,3,1.86,2.43,3.09,2.92,3.76,2.5,1.83,2.79,2.29,3,2.45,2.08,2.3,3.09,2.11,1.92,2,2.91,3,3,4.56,3.35,2.91,3.21,6.49,3.58,2.17,3,3.58,3.24,3,2.88,2.74,2.65,3.91
"Hawaii","US-HI",1.22,0.66,0.94,0.69,0.71,1.64,1.74,1.94,1.75,8,6.13,4.59,3.14,1.66,3.13,3.35,2.4,3.44,2.65,1.73,3.36,3.83,4.22,4.1,4.47,4.13,3.2,4.42,3.44,4.57,3.9,6.43,11.33,11.23,7.27,7.15,5.74,7.17,7.55,23.29,13.41,14.12,21,17,76.84,39.84,10.02,7.71,7,5.24,6.43,3.49,2.75,7.6,10.62,39.93,17.63,10,7.65,7.33,8.32,6.71,7.67,7,7.73,5.13,5,3.72,4.72,7.37,4,4.53,3.27,3.69,3.28,2.92,5.88,4,3,2.92,2.35,3.26,3.71,3.33,3,7.73,8,8.83,7.95,5.64,4.1,4.36,4,2.91,3.39,5.24,5.88,5.66,5.42,3.36,2.85,3.34,2.77,3.71,3,2.94,3.3,2.83,4.47,3.1,4.17,3.44,6.7,6.55,4.33,3.76,4.11,3.89,3.26,3.11,2.88,2.91,2.59,2.74,3.21,2.25,3,2.37,4.11,4.62,2.74,3.68,4.24,5.51,3.07,2.77,2.84,2.83,7,4.78,3.08,2.83,3.59,3.33,3.88,3.37,2.55,1.71,2.57,2.92,3.79,1.56,1.69,2.22,1.78,2.23,2.18,1.68,2.29,2.48,2.59,1.9,3.35,2.07,2.82,1.69,1.74,2.38,2.09,1.7,2.27,2.24,2.52,3.85,3.1,2.15,2.37,2.07,3.91,3.46,2.32,3.3,3.21,2.71,3,1.77,3.12,2.15,2.22,5.12,10,3.27,2,2.81,2.21,2.68,2.74,2.92,4,3.3,1.83,2.46,2.74,2.38,2.36,2.38,3,3.47,1.89,1.92,1.62,2.74,2.76,3,3.82,3.03,2.36,2.48,5.63,3,1.58,2.83,3.77,3.24,2.57,2.42,2.61,2.08,2.48
"Idaho","US-ID",0.78,1.28,1.06,0.97,1.1,2.14,2,1.94,1.75,9.66,9.36,4.18,4.11,1.83,2.87,3.35,2.8,4.11,2.91,2.2,4,3.74,3.78,3.52,4,4.42,3.85,4.95,4.22,5.43,4.88,7.53,14.67,13,8.58,10.21,7.02,9,8.91,25.68,14.32,16.47,26.49,18.8,67.37,36.27,9.04,9,7.65,6.1,7,4.68,4.39,9.62,11.25,42.23,23.93,12.04,10.91,9.44,10.88,8.14,10,9.86,10.31,6.79,8.72,5.66,5.69,9.26,4.95,6.63,4.64,3.17,4.31,3.42,6.91,6.16,4.05,3.95,4.14,3.51,4.42,3.92,3.89,10.85,12.39,10.76,18.92,18.18,8.41,6.18,6.1,4.46,4.94,7.26,9.23,9.28,6.35,6.24,4,4.71,3.77,5.24,5.15,4.15,4.2,4.97,6.12,4.84,5.73,4.06,7.3,9.31,7,5.21,4.42,5.22,4.2,4.39,5.16,4.27,3.89,3.51,3.72,4.03,3.94,4.41,5.94,7.44,4.15,5.16,5.91,7.46,3.52,3.54,3.32,4.03,9.39,7.93,4.77,3.58,4.72,4.58,5.82,4.57,4.18,2.57,3.77,4.03,4.15,2.78,2.62,2.67,3.33,3.15,3.47,2.64,4.15,3.07,2.74,3.05,4.52,3.07,3.91,3,2.7,3,2.43,2.96,2.8,2.72,3.11,5.08,4.14,2.67,2.67,2.89,4.62,4.96,4.06,4.2,4.24,3.68,4,3.31,4,2.46,2.89,3.44,4.2,3.91,2.93,3.84,2.34,3,3.51,2.83,4.47,3.1,2.67,3.11,2.63,3.18,2.55,2.15,2.8,3.94,3.32,2.83,2.23,3.6,3.72,4.31,5.74,4.86,3.55,3.1,7.51,3.12,2.67,3.25,4.06,3.72,3.64,3.35,4.3,3.23,3.65
"Illinois","US-IL",1.11,0.94,1.12,1.17,1.29,2.57,2.26,2.06,2.25,13.79,9.53,6.63,4.22,2.29,3.83,3.72,2.8,4.11,3.18,2.2,3.73,4.09,4.11,3.62,4,4.42,3.56,4,4.11,4.68,4.63,8.47,15.33,13.3,8.44,9.36,6.26,8,8.6,28.08,15,16.94,23.26,19.32,87.37,44,10.21,8.27,6.35,4.63,6.29,4.17,3.54,9.78,10.62,49.91,19.83,10.74,8.3,7.98,8.48,7.29,9.83,8.86,9.08,5,5.26,4.55,4.58,7.58,4.21,4.77,3.91,3.17,4,3,5,4.22,3.15,5.84,2.92,3.34,3.47,3.42,3.08,8.27,9.42,8.41,9.65,5.82,4.51,5,5.52,3.77,3.97,5.6,6.81,6.23,5,4.4,3.62,3.43,3.62,5.05,4.15,3.7,3.9,3.69,4.82,3.97,5.21,3.62,7.3,8.73,5.11,4,4.21,3.89,3,3.75,3.36,3.45,3.32,4.54,3.41,3.47,3.77,3.84,4.69,6.28,3.44,4.21,5,6.16,3.15,3.23,3.32,3.69,10.18,5.22,3.23,3.17,3.9,3.42,4,3.59,3.27,2.14,3.6,3.63,3.53,2.72,2.62,2.52,2.81,2.38,2.47,2.32,3.26,2.67,2.74,2.57,3.87,2.5,3.55,2.15,2.17,2.65,2.52,2.52,2.4,2.64,2.37,4.46,3.62,2.37,2.37,2.37,4,4.27,3.39,3.6,4.34,2.9,3.6,2.54,3.75,2.46,2.11,2.91,3.1,3.45,2.53,3.38,2.21,2.68,3.69,3.08,4,3.3,2.25,5.57,2.74,3.71,2.36,2.38,3.1,3.66,2.47,2.42,2.54,3.43,3.36,3.28,5,4,3.27,3.31,6.32,3.35,2.5,3.08,3.58,4.68,3.75,3.23,3.52,4.27,3.39
"Indiana","US-IN",1.08,0.78,1,0.9,1,2.36,2.43,1.64,1.94,9.1,6.98,3.98,3.57,1.94,3.39,3.53,2.53,4,3.18,1.93,3.55,3.91,4.22,3.71,3.91,4.62,3.56,4,3.89,4.79,4.88,7.22,12,10.05,7.42,8.17,6.89,7.83,7.85,25,14.09,16.24,22.94,18.55,81.05,41.62,9.62,7.71,6.84,4.88,6.57,4.26,3.61,9.16,10.42,46.07,21.09,10.19,8.3,7.81,8.48,8.43,9.33,8.14,8.68,5.64,6.67,4.41,4.72,8.21,4.42,5.35,4,3.26,4.31,3.33,5.29,4.54,3,3.63,3.16,3.6,3.87,3.67,3.32,8.81,9.29,9.38,10.59,7.64,5.44,5.27,5.9,4.2,4.35,6.55,8.42,7.58,5.62,4.72,3.46,3.51,4,5.14,4.15,3.64,4.4,4.11,4.59,3.68,5.94,3.53,6.85,7.42,6,4.24,4,4.33,3.26,4.39,3.6,3.27,3.81,3.86,3.83,3.66,4.46,4.49,5.83,7.31,3.53,4.84,5.91,6.81,3.38,3.46,3.55,3.77,8.43,6.3,3.54,3.25,4,4.58,5.21,4.02,3.55,2.43,3.09,3.63,3.53,2.89,2.46,2.89,3.04,2.62,2.94,2.8,3.35,2.74,2.81,2.76,4.26,2.71,3.36,2.38,2.17,2.56,2.61,3.19,2.67,2.72,2.37,4.92,3.93,2.59,2.37,2.44,4.89,3.92,3.68,3.7,3.52,3.48,3.9,2.69,3.88,2.46,2.44,3.09,3,3.45,2.67,3.84,2.14,2.68,3.09,3.25,4.12,3.3,2.25,3.32,2.4,3.62,2.45,2.31,3,3.66,2.37,2.5,2.38,3.43,3.24,3.28,5.15,3.68,3.27,3.21,6.32,3.35,2.08,3.08,3.97,3.72,3.64,3.12,3.39,3.12,3
"Iowa","US-IA",2.27,3.12,2.3,2.72,4.76,6.64,3.3,2.36,2.25,11.31,7.49,4.49,4.43,2.57,3.91,4.19,2.6,4.11,3.44,2.33,3.91,3.66,4.33,3.52,3.72,4.9,3.64,4.11,4.22,5.21,4.76,8,12.67,11.82,8.15,9.19,7.02,8.33,9.51,23.29,15.91,17.18,22.29,20.09,76.84,34.49,10.02,7.53,7,5.37,7.29,4.68,3.48,9.93,11.46,45.3,20.15,12.96,9.6,8.79,10.08,7.86,9.83,9.14,11.12,6.41,7.56,5.38,5.69,9.26,4.53,6.4,4.73,3.26,4.21,3.17,5.74,5.3,3.82,3.87,3.32,3.43,4.18,3.75,3.41,9.08,10.19,10.62,13.05,8,5.44,6.36,5.81,4.97,4.45,6.67,9.46,8.04,6.46,4.64,4.08,3.69,3.62,5.05,4.46,4.15,4.8,4.37,5.29,4.84,6.46,4.15,7.6,8.44,7,4.97,4.74,4.78,4.03,6.43,3.72,3.82,4.05,4.37,3.83,4.12,4.46,4.33,5.6,7.69,3.97,4.74,5.45,7.46,3.6,3.38,3.79,3.94,12.41,7.07,3.77,3.42,3.79,4.33,4.85,4.67,4.27,3,3.51,4.18,3.88,2.83,2.92,2.89,2.96,2.46,2.71,2.88,3.79,2.74,2.74,2.67,5.03,2.21,3.27,2.46,2.09,2.74,2.52,3.04,2.87,2.56,2.74,5.08,4.14,2.37,2.74,3.19,4.89,4.38,4.16,4,3.83,3.68,4,2.54,4.12,2.77,2.33,3,3.5,3.55,2.67,4.03,2.41,2.76,3.69,3.17,3.88,3.5,2.58,3.21,2.51,3,2.27,2.62,3.2,4.22,2.63,2.75,3,4.37,3.96,3.56,6.03,3.78,3.73,3.31,6.83,3.58,2.42,3.08,3.58,3.84,4.07,3,2.87,3.23,3.26
"Kansas","US-KS",0.95,0.75,0.73,0.97,0.76,2.21,2.35,2.06,1.81,9.93,7.83,4.08,3.35,1.94,3.39,3.63,2.67,4.22,3.18,2.07,3.64,3.91,3.89,3.71,4.37,5.19,3.78,3.58,3.89,4.68,4.63,7.53,13.67,12.11,9.02,8.68,6.13,7.83,8.45,23.29,14.09,16,22.94,18.03,74.74,33.89,10.8,8.27,6.19,5.61,7.14,4.77,3.67,8.69,11.04,40.7,19.83,11.3,8.63,9.12,8.96,7.43,9.33,8.43,9.49,5.64,6.92,4.83,5.14,8.42,4.63,5.7,4.09,3.51,3.9,2.75,5.15,5.19,3,3.71,2.92,3.51,3.95,3.5,3.41,9.36,9.94,9.66,10.97,7.27,5.03,5.36,5.43,4.89,4.55,6.43,8.19,7.36,5.73,4.08,3.85,4.8,3.38,4.95,3.77,3.83,4,4.29,5.29,4.35,5.1,3.79,7.15,8.15,6.22,4.24,4.21,4.11,3.09,4.29,4.08,3.45,3.49,4.46,3.21,4.03,4.63,4.08,5.37,7.69,3.79,5.05,5.91,7.3,3.67,3.54,3.95,4.54,9.86,6.96,3.69,3.25,4.41,4.25,4.61,4.13,3.64,2.57,2.91,3.47,3.44,2.78,2.62,2.74,3.04,2.15,2.65,2.56,3.79,2.87,2.74,2.86,4.39,2.21,3.45,2.62,2.09,2.47,2.7,3.11,2.67,2.8,2.44,5.08,3.83,2.15,2.67,2.22,5.24,5.08,3.77,3.7,4.03,3.58,3.8,3,4,2.54,2.44,2.91,3.5,3.82,2.93,3.19,1.86,2.92,3.51,3.33,4.35,3.4,2.5,3,2.86,3.35,2.55,2.54,3,3.84,2.11,2.33,2.62,2.91,3.12,3.19,5.59,4.11,2.91,2.9,6.66,3.23,2.5,3,3.48,3.84,3.32,3.23,2.74,2.65,3.26
"Kentucky","US-KY",1.14,0.78,0.76,0.79,0.95,2.29,2.35,1.64,1.94,9.1,6.13,3.78,3.35,2.06,3.3,3.16,2.4,3.89,3,1.73,3.55,3.57,4,3.43,4,4.52,3.64,3.68,4,4.89,5,7.37,12.33,10.34,7.27,7.66,6,7.33,7.25,20.21,12.73,14.82,20.03,15.45,73.68,36.86,9.62,7.35,5.86,4.88,6.43,3.83,3.8,9.16,11.67,46.07,18.57,10.74,8.3,7.98,8.8,7,9.17,8.43,8.41,5.38,6.28,4.55,3.75,7.58,4.11,5,3.82,3.09,4.41,3.08,5,4.65,3.07,3.16,2.76,4.97,3.63,3.83,3.65,8.95,9.42,10.34,10.22,7.27,4.41,4.55,5.05,3.77,3.97,5.95,7.62,7.02,5.62,4.56,3.54,3.6,6.77,4.67,3.69,3.26,4,3.94,5.06,3.68,5.62,3.88,7.6,7.85,5.67,4.36,4.42,4.44,3.26,4.29,3.48,3.36,4.7,3.77,3.72,3.66,4.54,4.24,5.6,7.18,3.44,4.74,5.61,6.97,3.6,3.54,4.58,3.26,8.91,6.41,3.62,2.75,4,3.92,4.73,4.13,3.45,2.5,3.17,3.32,3.18,2.67,2.69,3.04,2.96,2.31,2.59,5.76,3.53,2.67,2.81,2.48,4.26,2.21,3.27,2.31,1.91,2.65,2.43,3.26,2.8,2.72,2.37,4.15,3.21,2.96,2.52,2.74,5.07,4.38,3.58,3.9,3.62,3.58,4.1,2.62,3.75,2.62,2.22,3,3.4,3.45,2.6,3.66,2.14,2.68,3,3.25,4.47,3.4,2.58,3.21,2.4,3.18,2.36,2.23,2.8,3.47,2.11,2.33,2.38,3.26,3.36,3.66,5.44,3.35,3.18,3.41,5.98,3.35,2.25,3,3.97,3.48,3.96,3.12,3.39,2.65,3.13
"Louisiana","US-LA",0.78,0.53,0.55,0.83,1.05,1.71,1.83,1.33,1.75,8.28,6.3,3.06,3.24,1.6,2.87,2.88,2.2,3.44,2.74,1.53,3.73,3.83,3.22,3.33,3.26,4.42,3.2,3.58,3.89,3.83,4.02,6.59,11.33,9.16,5.82,6.81,4.98,5.67,5.89,17.47,10.68,12.24,18.42,14.68,68.42,31.51,8.45,7.16,5.7,4.02,5.57,3.49,2.89,7.76,8.96,41.46,16.06,10,6.84,6.67,6.56,6.43,7.83,8.14,8,4.49,5.13,3.59,3.75,6.11,6.21,4.3,3.55,2.4,3.49,2.58,4.12,4,2.78,2.92,2.51,2.49,3.24,3.33,2.84,8.14,7.23,7.86,7.95,5.45,3.69,4.27,3.9,3.09,3.19,5.36,6.92,6.34,4.58,4,2.92,2.66,3.08,4.1,3.15,3.19,3.1,3.26,4.24,3.1,5.21,3,6.11,7.13,5.56,4,3.89,3.67,2.83,3.43,2.64,2.91,2.92,3.34,3.31,3.09,3.6,3.51,4.23,6.15,3.26,4.32,5.15,5.68,2.85,2.62,2.68,2.91,6.52,5.22,3.15,2.83,3.18,3.42,3.88,3.59,2.91,2.36,2.74,2.84,2.82,2.17,2,2.3,2.44,2.15,1.65,1.76,2.91,2.09,2.3,2.38,3.48,2.21,2.64,2,1.83,2.21,2.26,2.3,2.73,2.08,2.15,3.85,3.21,2.22,2,2.07,3.82,3.81,3.19,3,2.79,3,3,2.08,3.25,2.15,2,2.38,2.6,2.64,2.13,2.72,1.93,2.19,2.66,2.67,3.18,2.5,2,2.14,2.17,2.56,2.09,1.92,1.9,2.72,1.89,1.58,2,2.66,3,3.28,4.71,3.35,2.91,2.28,5.63,2.54,1.92,3.17,3.48,2.88,3.21,2.65,2.74,2.19,2.87
"Maine","US-ME",0.92,0.78,1.33,1.62,1.76,2.79,2.87,2.42,2.88,19.31,10.04,5.71,5.84,3.2,4.7,4.56,4.53,5.44,3.79,2.6,4.36,4.68,5.33,4.76,5.77,5.96,5.45,5.79,6,6.7,6.1,10.35,20.67,18.32,10.91,12.6,8.55,11.17,11.92,31.51,18.18,20.94,26.82,21.38,72.63,46.38,12.96,11.02,7.81,6.59,9.14,5.02,4.72,10.86,12.71,49.14,23.93,12.96,9.93,9.6,11.84,9.86,12.5,11,11.12,7.56,8.59,7.17,5.69,9.68,5.58,6.05,4.82,3.69,4.51,3.42,7.06,6.27,4.2,4.89,3.16,3.69,3.95,4.25,4.3,11.39,10.19,10.62,13.43,7.45,5.85,5.91,5.9,4.63,5.52,8.21,10.04,8.38,7.19,5.44,4.69,3.94,4.54,6.38,4.69,4.21,4.7,4.54,5.53,4.06,5.73,3.88,8.34,10.62,7.56,5.33,5.37,4.78,4.29,4.61,4.68,4.45,4.05,4.37,4.66,3.84,4.8,4.65,5.83,8.08,4.85,4.53,6.21,8.92,3.97,3.69,3.87,4.37,12.89,7.93,4.23,3.83,5.64,4.5,4.97,4.67,4.36,2.93,3.51,3.95,4.5,2.83,3.31,3.56,2.89,3.54,3.12,2.4,4.15,2.67,2.81,2.67,4.65,2.71,4.64,2.46,2.61,3.62,3.22,4,3.27,3.12,2.52,6.15,3.83,2.89,3.41,3.56,5.6,4.73,4.45,4.9,4.14,3.77,4.3,3.38,12.5,3.85,3.56,4.06,4.1,4.73,3.4,4.31,2.41,3.49,4.03,4.25,4.71,3.9,7.08,3.96,2.63,4.06,2.82,2.62,3.7,4.41,3.63,3.67,3.62,4.97,5.28,3.84,7.5,4.32,3.64,3.93,9.22,3.58,2.75,4.17,4.16,4.68,4.39,3.58,4.96,3.92,4.3
"Maryland","US-MD",1.27,1.16,1.15,1.24,1.19,3,3.04,2.55,2.88,13.52,8.51,5.41,4.65,2.57,4.43,4.74,3.27,5.11,4.06,2.6,5.09,5.19,5.89,4.29,4.65,5.1,4.29,4.63,4.78,5.32,5.61,8.31,18,16.25,8,8.85,6.64,7.83,7.7,26.03,14.55,15.29,22.94,19.32,90.53,45.78,10.41,9,7.65,5.98,7.29,4.85,3.74,8.69,10,49.14,17.63,9.63,7.65,7.81,8.32,7.57,9.33,8.57,8.41,5.9,6.54,4.83,5.28,8.42,4.63,5.81,4,3.6,4.62,3.42,6.76,4.86,3.45,3.71,3,3.69,4.74,3.5,3.57,8,8.39,8.55,9.08,6.36,4.92,4.73,4.67,3.77,5.03,5.95,6.81,7.02,5.62,4.56,4,3.6,3.46,6,4.23,4.09,4.4,4.03,5.29,4.65,6.15,3.79,7.15,7.85,5.89,5.09,4.84,4.44,4.03,4.39,4.2,3.55,3.65,4.11,3.41,4.12,3.94,3.67,5.6,6.67,3.62,4.32,5.91,7.3,3.75,4.15,3.55,4.11,9.86,6.41,3.77,3.67,4.92,3.58,5.33,4.24,3.73,2.64,3.34,4.42,3.71,3.11,3.15,2.96,3.41,3.38,3.12,2.88,3.79,3.13,3.33,4.29,5.03,2.93,4.09,2.92,2.78,3.09,2.61,2.81,2.67,2.88,2.96,5.38,4.03,2.74,2.96,3.04,5.51,5.08,4.16,4.4,4.24,4.06,4.2,2.85,4.62,3.15,3.11,3.88,3.3,4.09,2.73,4.41,2.41,3.32,3.51,3.5,4.94,3.6,2.75,3.96,3.54,4.15,2.73,3.08,3.5,4.5,2.89,3.25,2.85,3.94,3.48,3.84,6.62,4.22,3.82,3.52,7.68,4.38,2.83,4.83,5.13,4.56,4.29,3.69,4.04,3.46,4.04
"Massachusetts","US-MA",1.32,1.31,1.45,1.38,1.57,3.57,3.74,2.85,3.31,23.17,8.68,6.22,6.27,2.91,4.96,4.84,3.87,5.44,4.06,2.87,4.64,4.85,5.33,4.67,4.84,5.48,4.44,4.95,5.11,6.06,5.85,8.94,20.33,16.55,8.87,9.36,6.89,8.5,8.3,30.14,18.64,20.47,28.75,21.64,97.89,49.95,11,9.55,7.65,5.73,7.29,4.94,4.26,9.47,10.83,57.59,19.83,9.81,8.14,8.14,9.12,8,9.67,9.71,9.36,6.79,6.03,4.83,5.97,9.05,5.26,6.05,4.91,3.6,4.51,3.42,6.76,5.08,3.3,3.63,2.92,3.43,4.03,4,3.81,9.08,9.03,9.24,8.32,6.55,5.13,5.73,5.24,4.2,4.26,6.31,7.27,6.79,6.04,5.68,4.31,4.11,3.92,6.1,4.46,4.28,4.4,4.46,5.41,4.45,5.31,3.97,7.15,8.58,5.78,4.97,4.84,4.33,3.51,4.07,3.96,3.82,3.57,3.69,4.14,3.84,4.29,3.67,5.14,6.67,4.24,4.32,5.91,8.76,3.67,3.85,3.79,3.94,9.86,6.52,3.77,5.83,5.03,4.17,4.97,4.24,3.73,2.71,3.34,3.95,4.06,3.06,4.54,2.96,3.04,2.85,2.82,2.96,3.88,3.26,3.04,2.67,4.9,2.57,4.18,2.54,2.43,2.65,2.7,2.81,2.67,2.56,2.37,5.08,4.24,2.81,2.67,2.59,5.33,4.73,3.97,3.8,3.93,3.39,4.1,2.69,4,3.08,2.89,3.62,3.5,3.55,2.8,3.84,2.48,3.08,3.86,3.92,4.94,3.1,2.75,3.64,3.31,4.15,3.18,4.54,3.8,4.22,2.95,3.33,2.92,4.03,4.68,4.22,6.32,4.65,4,4.34,8.2,4.15,2.5,3.83,3.77,4.2,3.96,3.46,3.78,3.35,3.39
"Michigan","US-MI",1,1.06,0.97,1.1,1.19,2.29,2.43,2.12,2.06,12.41,13.96,4.69,4.32,2.51,4.35,4.28,3.6,4.67,3.53,2.47,4.36,4.51,4.22,4.1,4.28,5.19,3.93,4.63,4.44,5.64,5.73,9.88,20,14.48,9.02,10.21,9.7,10.17,10.26,29.45,18.18,20.24,28.11,25.5,76.84,45.78,9.04,7.35,6.35,5.12,7,4.77,4,9.16,11.46,51.45,22.35,11.3,9.12,9.12,8.96,8,9,8.43,9.22,5.64,6.41,4.97,4.86,7.79,4.74,5.81,4.82,3.34,4.41,3.17,5.74,4.76,4.88,4.66,3.16,3.09,3.63,3.83,3.49,8.27,8.9,8.83,10.59,6.91,4.92,5.36,7.24,4.29,4.26,6.43,7.5,7.36,6.15,4.72,4.15,3.77,3.77,5.81,4.46,4.15,4.9,4.29,5.41,3.87,6.15,3.79,7,8.29,6,4.85,4.74,4.33,3.86,4.39,3.96,3.91,3.89,4.2,3.93,4.03,4.46,4.82,5.26,6.79,3.88,4.63,5.45,7.14,3.67,3.77,3.95,3.77,9.39,5.98,3.77,4.42,4.62,4,4.85,4.13,3.64,2.64,3.34,3.47,3.71,2.83,3.46,2.81,3.26,2.54,2.71,2.56,3.62,3,2.74,2.67,4.39,3,3.64,2.62,2.17,2.91,2.61,3.56,2.8,2.64,2.81,5.08,4.24,2.89,2.52,2.74,4.71,4.62,3.97,4,3.83,3.39,3.8,2.54,4,2.62,2.56,2.82,3.3,3.36,2.6,4.12,2.48,4.14,3.51,3.33,4.47,3.2,2.5,3.11,2.74,3.44,2.55,2.54,3.1,3.75,2.47,2.42,2.69,3.34,3.6,4.5,5.88,4.32,3.64,4.76,7,4.5,2.75,3.92,4.45,4.2,3.96,3.69,3.39,2.88,3.52
"Minnesota","US-MN",1.3,0.91,1.18,1.14,1.38,3,2.78,2.24,2.44,18.21,8.34,5.2,5.3,2.74,4.87,4.65,3.07,4.67,3.44,2.4,3.91,4.34,4.22,4,4.56,6.25,3.64,4.74,4.78,5.53,5.61,8.63,15.67,14.18,9.89,10.89,8.94,12.17,11.32,30.48,16.59,18.82,30.05,24.98,82.11,43.41,10.41,9,7.49,5.61,7.57,4.43,4.2,9.47,10.83,49.91,21.41,11.11,9.12,9.12,9.6,8.57,10.17,8.86,10.03,6.03,7.56,5.52,5.56,9.05,4.74,5.35,4.82,3.43,4.41,3.25,5.74,5.08,3.52,3.71,3.32,3.51,3.95,3.5,3.41,9.76,9.29,9.79,12.11,7.45,5.23,5.64,5.62,4.63,4.35,6.79,8.65,7.47,6.15,5.52,6.69,3.94,4,5.9,4.38,4.09,4.8,4.63,5.53,4.35,5.73,3.97,7.89,9.6,6.56,4.97,4.63,4.89,3.69,4.39,3.96,4.09,4.38,4.29,3.83,3.84,4.2,4,5.71,7.44,3.79,4.84,5.45,7.62,3.67,4,3.79,4.03,11.77,6.85,3.85,3.33,4.41,3.75,4.61,4.24,3.45,2.64,3.17,3.87,3.53,2.61,2.85,2.67,2.81,2.85,2.76,2.56,3.53,2.61,2.81,2.86,4.9,2.57,3.18,2.46,2.26,3,2.61,3.26,4.87,2.72,2.81,5.23,4.24,2.81,2.37,2.81,4.89,4.62,3.48,3.9,3.83,3.68,4,2.69,3.75,2.62,2.67,3.09,3.2,3.55,2.8,3.47,2.34,2.92,3.17,3.08,4.24,3.8,4.25,3.64,2.97,3.71,2.36,2.69,3.1,4.12,2.68,2.75,2.77,3.77,4.44,3.66,5.88,4.32,3.64,3.62,7.68,4.04,2.5,3.25,4.06,3.96,3.75,3.46,3.65,3,3.39
"Mississippi","US-MS",0.38,0.78,0.79,0.9,0.95,1.71,2,1.39,1.69,8,7.66,3.27,2.81,1.14,2.43,2.23,2.53,3.11,2.21,1.33,2.82,3.49,2.44,2.95,2.7,3.08,2.98,3.37,3.22,3.51,3.29,5.96,10.67,8.27,5.09,7.15,4.34,5.67,5.43,17.47,9.77,11.53,17.45,12.88,71.58,29.73,8.25,6.8,5.37,4.51,5.14,3.06,3.41,8.07,9.38,33.79,17.31,9.81,7.49,7.16,7.36,7.86,8.67,7.57,8.27,4.36,5.13,3.59,3.75,5.89,3.47,3.95,3.18,2.83,3.18,2.17,4.71,3.35,2.4,3.08,2.59,2.31,3.63,2.5,3.08,7.32,8.26,7.72,8.14,6.91,5.13,4.82,4.48,3.26,4.16,5.6,6.69,6.79,5.31,3.84,3.15,2.49,3,3.71,3.38,2.87,3.6,2.91,5.06,3.29,5.62,3.53,6.55,6.69,5.33,3.76,3.89,4,2.91,3.64,2.88,3.09,3.08,3.26,3.62,3.09,3.26,3.18,5.03,6.54,2.74,4,4.55,5.84,3,3.38,2.92,3.26,7.32,5.22,2.62,3.25,3.28,3,3.52,3.37,3.09,2.14,2.49,2.76,2.65,2.33,2.15,2.15,2.3,2.15,2.12,1.92,3.18,2.15,2.37,2.1,3.23,2.36,2.64,1.92,1.65,1.94,1.74,4.67,3.33,2.16,1.85,3.85,3,2.3,1.85,2,4.62,3.69,3.68,3.6,2.69,3.1,3.2,2.23,3.38,2.08,2.11,2.38,2.7,2.91,1.93,2.81,2.21,2.27,2.83,2.5,3.65,2.7,1.58,2.68,2.06,2.56,1.45,1.85,2.1,2.44,2.21,2.25,1.77,3,2.64,3.19,4.41,2.92,2.64,2.79,5.12,3,1.58,2.25,3.19,3,3,2.54,2.74,2.42,2.22
"Missouri","US-MO",1.19,0.97,0.85,1,1.48,2.07,2.52,2,2.19,11.86,10.55,4.8,4.11,2.06,3.57,3.63,2.73,4.44,3.35,2,4.09,4,3.89,4,3.91,4.62,3.56,3.89,4.11,4.68,4.76,8,14.33,11.23,8.15,8.85,6.51,8.17,8.3,23.63,14.55,15.29,25.2,17.77,71.58,36.86,9.62,8.27,6.51,4.88,7.14,4.17,3.87,8.84,10.83,46.84,20.78,11.11,8.3,7.98,9.12,8,9.33,8.71,9.22,5.9,7.18,4.69,4.86,8,4.21,5.23,4.36,3.43,4,3.25,5.29,4.76,3.3,3.71,3.16,3.43,3.71,3.33,3.24,8.95,9.68,11.03,11.16,7.27,4.92,5.45,5.43,4.29,4.55,6.67,8.08,8.15,5.62,5.04,3.69,4.8,3.92,5.14,4.54,3.96,4.2,4.2,5.18,3.97,5.94,3.88,7.45,7.56,6.44,4.61,4.32,4.44,3.51,4.18,3.6,3.64,3.49,4.11,3.72,3.66,4.11,4.24,5.26,7.31,4.06,5.47,5.91,6.97,3.52,3.62,3.63,3.43,9.07,6.63,3.85,3.25,4.21,3.75,4.61,4.02,3.36,2.36,3,3.47,3.53,2.94,2.69,2.67,2.89,2.69,2.76,2.64,3.88,2.93,2.89,2.67,4.52,2.57,3.45,2.46,2.09,2.91,2.52,3.19,2.6,2.56,2.67,4.62,3.72,2.89,2.52,2.52,4.71,4.73,3.68,4.1,3.52,3.48,3.9,2.54,3.62,2.69,2.44,3,3.5,3.91,2.8,3.84,2.41,2.59,3.51,3.17,3.88,2.8,2.33,3,2.74,3.62,2.36,2.38,3.1,3.75,2.26,2.17,2.31,3.51,3.48,3.66,5.74,3.78,3.27,3.72,7.17,3.58,2.25,3.25,3.68,3.72,3.64,3.46,3.52,2.77,3.26
"Montana","US-MT",1,0,0,1.24,1.19,2.57,2.87,2.24,1.56,10.21,9.19,5.51,4.11,2.46,3.3,4.84,3.07,5.22,3.71,3.13,4.64,4.6,4.56,4.29,4,4.71,4.15,4,3.33,6.06,5.24,7.37,15,12.7,8.29,10.21,7.15,9.33,8.6,25,15.45,17.18,25.2,17.26,62.11,41.03,12.18,9.37,8.14,5.61,9.71,5.19,4.59,9.78,12.08,46.07,23.93,13.89,9.44,8.47,8.96,11.29,10.67,9.86,12.34,6.41,7.95,5.1,5.56,9.47,5.16,6.51,5.09,4.46,5.23,2.5,5.29,6.27,4.65,5.05,2.84,4.29,4.03,4.17,3.32,9.9,12.26,10.9,12.68,9.09,5.03,6.91,5.33,5.14,4.55,8.33,9.46,8.6,6.15,6.56,3.92,4.11,3.46,5.62,4.92,3.96,4.2,5.14,4.94,5.13,6.04,3.88,8.49,10.47,6.56,4.85,5.89,5.44,3.77,5.36,5.16,3.82,4.7,3.77,4.03,4.22,4.97,4,6.63,8.33,3.53,5.37,5.76,6.81,3.75,3,3.79,4.2,8.43,7.39,4.15,4.17,4.21,4.5,5.21,4.46,4.18,2.79,3.43,3.87,3.62,2.72,2.85,3.19,2.81,2.77,3.53,2.56,2.91,2.87,2.81,2.86,5.42,3,3.55,2.23,2.17,2.91,2.52,3.19,2.67,2.8,2.59,4.15,2.48,3.26,3.11,3.04,6.04,4.73,3.68,4.5,3.72,4.16,3.2,2.38,3.75,3,3.22,3.62,3.7,4.27,3.13,3.28,2.28,1.86,3.26,3.42,3.76,3.2,2.58,4.61,2.51,3.26,3.09,3.08,4,4.31,4.11,3.08,2.54,3.94,4.68,4.22,5.59,4.76,3.73,3.62,8.37,4.04,2.83,4.25,4.84,4.8,3.64,4.38,3.91,3.58,3.13
"Nebraska","US-NE",0.76,1.06,1.24,1.52,1.71,3.21,2.7,1.76,2.25,9.66,8.17,4.39,4.22,1.94,3.83,3.44,2.47,4.44,3.09,2.33,3.82,4.17,4.44,3.71,3.81,4.81,4.07,4.21,4.67,5.64,4.51,8.78,12.67,12.41,8.44,9.7,6.89,8.83,10.11,26.03,16.36,17.41,24.88,21.89,78.95,35.68,10.21,8.63,7.33,5.24,7.29,4.34,3.8,9.93,11.04,39.93,22.35,11.48,9.12,8.95,10.4,8.57,10.83,10.43,11.25,5.9,7.18,5.38,4.86,8.42,4.42,5.58,4.45,3.43,4.72,3.5,5.88,5.08,3.45,3.71,3.08,3,3.55,3.75,3.32,10.03,9.55,10.76,11.92,8.18,5.33,6.36,5.62,4.29,4.94,7.98,10.27,8.38,6.35,5.2,3.38,3.77,3.77,5.24,4.31,3.64,3.9,3.77,5.06,4.26,5.83,3.35,8.34,8.58,6.33,4.36,4.32,4.56,3.6,4.61,3.72,3.73,3.89,3.86,3.93,4.03,4.2,3.84,5.26,7.44,4.24,4.53,5.91,7.62,3.75,3.77,3.79,3.6,10.18,6.2,4.08,3.25,4.21,4.42,5.21,4.46,3.09,2.29,3.17,3.24,3.62,2.83,3.15,3.41,2.67,2.54,3.53,2.88,3.62,2.67,2.89,2.57,4.77,2.29,3.36,2.77,2.09,3.18,2.43,3.19,2.93,2.24,2.81,4.46,3.83,2.22,2.67,2.59,5.96,4.27,3.29,4.5,3.83,3.68,3.3,2.23,3.75,2.77,2.67,2.91,3.3,3.91,3,3.84,2.21,2.43,3.17,3.08,3.65,2.9,2.17,2.79,2.97,3.53,2.55,2.15,2.5,3.84,2.42,2.08,2.15,3.6,3.6,3.19,5.59,4,2.91,3.52,7.85,3.23,2.5,3.17,3.58,3.12,3.43,3.23,3,2.88,3.91
"Nevada","US-NV",0.92,1.09,1.12,0.93,0.95,1.86,2.87,4.24,1.81,9.66,6.47,4.39,4,2.06,3.39,3.72,2.87,4.56,3.26,2.13,4.09,4.09,3.89,3.43,3.72,5.38,3.71,4.21,4.22,4.89,5.12,7.53,13.33,11.52,7.27,8,6.26,8.83,8.3,21.58,15.23,16,21.97,17.52,83.16,38.05,10.02,7.71,6.51,4.15,6.14,4.17,3.28,8.07,10.21,39.16,16.69,10.93,7.33,6.84,8.16,7,8.67,8,8.54,5.26,6.15,4.83,4.72,7.79,4,5.12,4,2.83,3.79,3,4.85,4.43,3.67,3.16,2.92,3.17,3.63,3.58,3.49,7.86,8.13,8,9.27,6.91,4.62,4.73,4.48,3.17,3.58,5.71,7.27,6.23,5.31,4.24,3.62,2.91,3.31,4.76,3.69,4.72,4,3.43,5.06,3.48,5.94,3.18,7.15,7.42,5.67,4.36,4.53,4.44,3.69,4.29,3.36,3.64,3.24,3.6,3.21,3,3.43,3.84,4.8,5.9,3.44,4.32,5,6.65,3.38,3.85,3.08,3.43,7,5.33,3.54,3,4,3.58,4.24,4.13,3.73,2.14,2.74,3.55,3,2.56,2.23,2.67,2.44,2,2.47,2.24,3.18,2.48,2.59,2.19,4.13,2.29,2.82,2.08,2.17,8.29,2.35,2.37,2.33,2.56,2.3,4.31,3.62,2.15,2.07,2.52,4.53,4.27,3.19,3.9,3.1,3.19,3.7,2.69,3.5,2.23,2.67,4.94,5.2,3.36,2.47,3.56,2.34,2.51,3,3.33,3.88,3.2,2.08,2.79,3.09,2.74,2.55,5.31,3,4.03,2.58,2.42,2.62,4.11,3.24,3.56,8.24,4,3.09,2.79,5.29,3.58,4.5,3.33,3.68,3.48,3.75,3.12,3,2.42,3.13
"New Hampshire","US-NH",2.08,1.53,2.03,1.86,2.48,7.14,8.7,2.55,2.94,16,10.72,5.92,5.51,2.97,5.04,4.93,4.07,6.22,4.68,2.8,4.82,4.6,5,5.24,5.3,6.35,5.31,5.68,4.78,6.7,7.07,9.88,17.67,15.95,11.2,11.06,7.91,10,10.57,29.79,19.09,21.65,29.08,24.47,76.84,44.59,11.98,11.76,7.81,6.1,8.14,5.79,4.52,10.55,13.12,48.38,21.09,12.78,9.12,9.93,11.36,9.57,12.67,12,12.07,7.69,8.72,5.93,5.69,9.05,5.68,6.74,4.73,4.46,5.44,4.08,6.76,5.95,4.35,4.5,3.16,4.03,4.34,4.5,3.73,11.53,12.52,13.79,13.62,8.91,5.95,6.36,6.67,5.57,5.32,7.98,11.54,9.96,10.21,5.44,4.23,3.86,4.69,6.48,5.31,5.17,4.5,5.57,6.12,4.65,6.04,4.76,8.04,10.62,8.22,6.42,5.16,5.11,3.94,5.36,5.88,4.45,3.65,5.23,4.34,4.31,4.89,5.14,7.2,8.72,3.88,6,6.36,8.92,3.75,4,3.95,4.54,10.5,8.48,4.77,5.92,6.36,4.58,4.97,4.13,4.73,3.36,4.11,5.21,4.15,3.11,3.92,3.7,4.15,3.23,3.94,2.16,4.32,3.52,2.89,2.95,5.55,2.86,4.09,3.46,2.96,3,3.13,3.33,2.53,2.64,2.96,5.85,5.28,3.78,2.96,2.67,5.96,6.35,4.74,4.1,4.14,4.06,4,2.92,5.38,3.15,4,4.41,4.1,3.82,3.73,4.31,3.38,3.65,4.63,4.5,5.06,4,3.25,4.07,3.54,4.15,3.18,3.54,3.7,5.06,3.05,4.25,4.85,8.14,12,4.69,7.35,5.51,3.82,4.45,9.22,7.62,2.83,4.17,4.16,5.04,4.71,3.92,3.52,3.12,4.17
"New Jersey","US-NJ",1.03,1.09,1.09,1.07,1.24,2.86,2.78,2.42,2.38,11.31,7.15,4.59,4.43,2.17,4.17,4.09,3.33,4.56,3.62,2.53,4.55,4.51,5,4.38,4.84,5.48,4.44,4.95,4.89,5.53,5.37,7.69,17.33,15.07,9.16,9.87,6.13,8.83,8.75,29.79,16.14,18.82,27.78,19.83,98.95,49.35,10.61,8.45,7,5,6.29,4.43,3.87,9.31,11.25,49.14,19.2,9.44,7.16,7.65,8.64,7.29,8.67,10.43,8.95,5.51,5.26,4.41,5.28,7.58,4.21,5.7,4.27,3.51,4.72,3.5,6.03,4.65,3.22,3.39,3.41,3.6,3.87,3.67,3.65,9.36,9.68,8.55,9.65,6,4.82,5,5.05,4.11,3.97,6.55,7.15,6.79,5.62,4.8,3.85,3.86,3.85,6,4.46,3.7,4.4,4.2,5.29,4.16,5.83,3.79,7.15,8.58,5.89,4.85,4.53,3.89,3.34,3.86,3.72,3.73,3.57,3.86,3.83,3.56,3.86,3.76,5.71,6.15,3.53,4.53,5.45,7.14,3.6,3.69,3.55,3.77,8.59,5.98,3.62,3.42,4.72,3.83,5.45,4.02,3.64,2.57,3.17,3.79,3.71,2.83,2.46,2.67,2.81,2.54,2.88,2.64,3.88,3,3.19,3.05,4.52,2.71,3.91,2.38,2.61,2.74,2.61,2.89,2.6,2.72,2.52,4.46,3.72,2.89,2.67,2.37,5.24,4.5,3.87,4.1,3.62,3.58,3.8,2.69,4,2.62,2.56,3.26,3.5,3.73,3,3.84,2.55,2.92,3.69,4.08,4.47,3.5,2.25,3.43,3.09,3.71,2.55,2.62,3.4,3.66,2.58,3.08,3,3.69,3.72,3.75,6.32,4.32,3.73,3.93,6.83,3.92,2.58,3.83,3.68,3.96,4.39,3.92,4.3,3.35,4.17
"New Mexico","US-NM",0.92,0,0.76,0.62,1.19,2.29,2.52,2.24,1.94,9.38,6.98,4.29,3.78,1.89,3.74,4.19,2.73,3.78,3.53,2.07,3.91,4.09,4.67,3.71,4.28,5.38,3.42,3.89,5.78,5.21,4.76,8.16,14.33,12.11,8,8.51,6,8.5,7.85,21.92,14.32,13.88,23.58,17.26,83.16,35.68,11.59,9.73,6.84,5.12,7.43,5.53,3.54,9.31,9.38,37.62,19.52,12.22,8.14,8.3,8.96,8,9.5,8.86,8.81,5.51,6.28,5.24,5.14,8.63,4.63,5.7,4.55,2.74,3.9,3.5,6.03,4.76,3.45,3.71,2.92,2.66,3.87,3.42,2.76,8.81,9.42,8.69,9.27,6.18,5.33,4.82,4.76,3.34,4.45,5.6,7.73,6.34,4.69,5.12,3.54,3.43,3.38,4.57,3.54,3.89,3.7,3.6,5.18,3.87,5.21,3.62,7.45,8.29,6.11,4.36,4.63,4.56,3.6,4.39,3.96,3.64,3.41,3.34,3.62,3.47,3.77,7.43,7.43,5.9,3.71,4.74,5.45,6.81,3.22,2.85,3.24,3.6,6.68,5.98,4,2.92,4.31,3.75,4.12,3.59,3.36,2.36,8.57,3.47,3.26,2.67,2.69,2.96,3.26,2.23,2.53,2.8,3.88,2.74,2.67,2.19,4.13,2.29,2.82,1.85,2.26,2.74,2.52,2.81,2.47,2.08,2.07,4.62,2.9,2.3,2.22,2.96,4.36,5.19,3.97,3.5,3.83,3.1,4.1,3,3.38,2.69,10.33,4.06,3.3,3.36,2.67,3,2.69,2.76,3.09,3.33,4.47,3.2,2.58,2.79,2.74,3.35,2.27,2.08,2.9,3.75,2.42,2.17,2.54,3.77,3.48,3.75,6.03,3.68,3.64,3.1,6.66,3.12,2.58,3.08,4.45,3.24,3.32,3.12,3.39,2.65,3.65
"New York","US-NY",1.16,1.06,1.06,1.14,1.24,2.57,2.35,2.36,2.44,14.07,8.34,5.41,4.65,2.06,4.09,4.47,3,4.67,3.18,2.13,4.09,4.17,4.67,3.81,3.91,5.67,3.93,4.11,3.78,4.89,5.12,7.53,14,13.59,8,9.19,6.13,8,7.55,26.71,14.09,16.71,25.52,19.32,87.37,44,11.2,8.63,8.63,4.76,6.86,4,3.34,9.16,10,49.91,17.31,9.07,7.65,7.16,8.48,7.43,8.17,9.29,8.41,5.38,5,3.72,4.86,8,3.47,4.88,3.64,2.49,3.38,2.58,4.71,3.78,2.25,2.53,2.43,2.57,2.53,2.92,2.68,8.54,7.48,6.62,7.57,5.27,4.1,3.82,3.52,3,3.39,4.64,6.23,5.66,4.9,3.68,2.77,2.83,3,4.76,3.15,3.26,3.7,3,4.35,3.97,4.9,3.18,7.15,8.58,5.33,3.88,4.53,4.11,2.74,3.11,3.12,3.09,2.84,3.34,4.24,3.09,3,2.78,4.34,5.64,2.91,3.68,4.39,7.14,2.92,2.85,2.76,2.91,8.59,5.11,2.69,2.83,4.62,3,5.58,3.15,2.73,2.29,2.66,3.16,3,2.33,2.08,2.22,2.37,2.15,2.29,2.16,3,2.09,2.22,2.86,4.13,2.07,3,2,1.91,2.38,2.35,2.3,2.2,2.16,2.07,4.31,3,2.89,2.22,2.3,4.53,3.46,3,3.1,3.41,2.61,2.8,2,2.75,1.92,2.11,2.65,2.4,2.82,1.87,3,2.62,2.27,2.74,3.67,4.47,2.6,1.92,2.89,2.51,3,2.18,1.92,2.5,3.09,2,2.08,2,2.91,2.76,2.81,6.18,3.35,3,3.72,7.85,3,2.17,4.25,3.29,3.6,3.64,4.96,3.13,2.88,3.52
"North Carolina","US-NC",1.05,0.91,0.91,1.07,1.05,2.14,2.52,2.24,2.94,14.34,6.47,4.08,3.89,2,3.3,3.44,2.47,3.78,3,2.27,3.73,4,4,3.81,3.81,4.62,4.07,4.32,4.22,5.21,4.63,7.37,15.33,11.23,7.71,9.53,6.26,8,9.81,25,15.23,16.94,25.52,19.32,81.05,43.41,9.62,7.35,5.86,4.27,5.86,4,3.74,8.07,10,49.14,18.57,10.74,7.33,6.84,7.68,6.29,8.17,8.14,7.86,4.74,5.64,4.14,4.31,6.74,3.68,5,3.82,3,3.9,2.83,5,5.41,3,3.32,2.84,2.91,3.79,3.25,3,9.08,8.77,8.69,8.32,5.64,4.21,4.64,4.48,3.77,3.87,5.36,6.46,6.23,4.9,4.48,3.54,3.34,3.31,4.67,4.08,3.19,3.8,3.43,4.94,4.16,5.83,3.53,7.3,7.85,5.56,4.24,4.21,3.89,2.91,4.39,3.36,3.55,3,3.51,3.41,3.09,3.43,3.51,4.69,6.15,3.26,4,5,6.65,3.22,3.31,3.39,3.17,7.16,5.11,3.31,3.08,3.9,3.5,4.24,3.7,3.09,2.29,2.74,3,3.26,2.61,2.31,2.37,2.59,2.46,2.41,2.4,3.09,2.8,2.67,2.57,3.61,2.43,3.27,2.23,1.83,2.56,2.35,3.33,2.67,2.4,2.52,4.31,3.31,2.37,2.37,2.52,4.53,5.31,3.68,3.7,3.31,3.39,3.5,2.62,3.88,2.38,2.22,3,3.1,3.36,2.27,3.28,2,2.59,3.09,3.17,3.65,2.8,2,3,2.4,3.09,2.36,2.23,2.8,3.19,2.16,2.25,2.23,5.49,3.6,3.47,5.15,3.68,3,3.1,6.32,3.23,2.08,4.25,3.77,3.6,3.64,3.23,4.3,2.88,3.26
"North Dakota","US-ND",0,0,1.3,0.9,1.33,1.93,2.26,2.42,1.56,9.38,7.66,4.08,4.32,1.37,3.91,3.44,2.6,4.67,2.38,1.33,4.09,4.34,4.11,3.33,3.07,4.33,2.91,4.42,5.33,4.57,4.51,8.31,13.33,12.41,7.56,10.21,6.26,9.33,9.66,26.37,14.09,16.24,23.26,20.09,66.32,36.27,8.45,8.27,5.86,6.59,6.14,4.34,4.13,9.16,12.29,46.07,24.87,12.22,8.79,9.77,11.2,8.57,10,10,12.34,5.64,7.95,5.52,5.69,9.89,4.74,4.3,4.64,3.94,3.9,3.67,5.88,6.05,4.35,4.42,3.08,4.03,4.34,3.5,3.41,10.98,11.74,12.83,12.49,8.55,4.41,6.45,5.33,4.37,4.55,6.9,10.04,8.72,6.15,5.76,4.23,3.17,3.38,5.71,4.46,4.66,5.5,5.14,6,4.16,6.67,4.85,7.89,9.16,5.78,4.61,4,4.89,4.11,4.82,5.52,4.73,3.32,5.23,3.31,3,4.37,4.65,6.74,7.18,3.62,4.84,5.45,7.62,3,3.92,3.08,2.83,11.45,6.41,3.46,4.08,4.51,4.42,4.73,4.24,4.55,2.5,2.74,2.68,3.62,2.72,3.31,2.44,2.37,3.31,2.76,2.16,3.88,3.07,2.52,3.9,3.87,2.86,3.64,2.69,2.35,3.18,2,4.07,3,2.48,2.22,5.54,3.52,2.89,2.74,2.96,5.96,4.85,3.1,4,3.41,3.58,3.9,2,4.12,2.38,2.44,2.91,2.6,3.45,2.8,3.66,2.21,2.68,3.86,2.75,3.29,2.6,1.67,2.46,3.09,2.65,2.64,3.08,2.2,5.34,2.89,2.83,3.08,3,3.24,3.94,6.03,4.11,3,3,7.51,3.46,2.08,2.67,3.1,2.4,3.64,3.35,2.48,3.58,3
"Ohio","US-OH",1.08,0.91,0.91,1.14,1.29,2.43,2.43,2.06,2.12,11.31,8.34,4.29,4,2.06,3.48,3.53,2.93,4,3.26,2.27,3.64,4.09,4,3.81,4,4.71,3.78,4.32,4.33,5.32,5.12,8.16,16.33,13.3,9.6,11.06,7.79,9.17,9.81,28.77,17.73,20.47,26.17,21.89,82.11,41.03,10.21,7.35,6.02,4.39,6.14,4.09,3.87,9.31,11.67,51.45,21.72,11.67,7.81,8.63,8.96,7.71,10,9.14,11.12,5.26,6.15,4.69,4.72,7.58,4.53,5.12,4.18,3.69,4.51,3.33,5.29,4.97,3.67,3.79,3.32,4.89,3.95,3.58,3.65,9.08,9.81,10.34,14,6.91,4.82,5.36,5.43,4.37,4.16,6.07,8.42,6.91,5.21,4.96,3.54,3.43,3.92,5.52,4.62,4.02,4.6,3.86,5.06,3.87,6.15,4.41,7.6,9.31,5.89,4.61,4.42,4,3.51,4.39,3.84,3.73,4.7,3.94,3.93,3.84,4.29,4.41,4.8,6.92,3.88,5.16,5.3,6.65,3.22,3.62,3.79,3.77,9.55,5.65,4,3.25,4.1,3.67,4.24,4.02,3.45,2.43,3.17,3.79,3.62,2.83,2.85,2.81,2.89,2.69,2.76,3.36,3.35,2.87,2.74,2.86,4,3,3.64,2.69,2.43,2.82,2.61,3.33,2.93,2.56,2.44,4.92,3.72,2.81,2.67,2.81,4.62,4.27,3.87,4,3.62,3.58,3.6,2.69,4,2.69,2.33,3.18,3.5,3.55,2.67,3.66,2.34,3.08,3.26,3.42,4.12,3.1,2.33,3.21,2.4,3.53,2.55,2.31,2.8,3.66,2.32,2.5,2.46,3.51,3.36,3.56,5.59,4.32,3.45,3.41,6.49,3.58,2.75,3.75,3.97,3.84,3.96,3.35,3.52,3,3.52
"Oklahoma","US-OK",0.7,0.81,0.76,1,1.1,1.93,2.17,2.06,1.81,11.59,6.13,4.08,3.24,1.6,2.96,3.26,2.33,3.56,2.91,1.67,3.27,3.91,3.78,3.62,4.37,5.96,3.78,4.32,4.11,5.11,4.88,6.59,12.33,10.34,6.84,8.17,6.26,7.17,7.55,20.89,13.86,16,21.65,15.97,69.47,35.08,10.21,7.9,6.84,5.12,6.71,4.51,4.39,9.31,11.88,49.14,19.52,12.04,8.63,8.3,9.44,8.43,8.67,8.14,9.49,5.38,6.67,4.41,5,7.79,4.63,5.23,4.27,3.94,7.28,3,5.44,4.22,3.38,4.03,3.24,3.26,3.95,3.75,3.49,10.03,10.19,10.34,11.73,7.45,5.13,5.27,5.71,3.77,4.65,6.55,8.54,7.47,5.83,4.72,3.31,3.6,3.77,4.76,3.69,3.7,3.9,3.69,5.06,4.55,5.83,3.62,6.7,8.29,5.78,4.85,4.74,4.22,3.26,4.18,3.6,3.73,3.49,3.77,3.41,3.56,3.77,3.76,5.26,6.79,4.06,5.26,5.3,6.97,3.9,3.77,3.71,3.69,8.27,6.09,4.08,3.17,4.41,3.67,4,3.7,3.27,2.29,3.26,3.39,3.26,2.56,2.69,2.81,3.19,2.85,2.59,2.4,3.26,2.93,2.59,2.48,4.26,2.43,3.55,2.38,1.91,2.47,2.52,3.19,2.87,2.4,2.74,4.62,3.93,2.96,2.44,2.59,4.44,4.15,3.97,3.8,3.93,3.77,3.9,2.62,4,2.69,2.56,3,3.4,3.45,2.6,3.56,2.28,2.76,2.91,3.58,4.24,2.7,2.17,2.79,2.4,3,2.55,2.31,2.9,3.75,2.26,2.17,2.46,3.69,3.36,3.84,5.88,3.68,3.18,2.69,7.17,3.35,1.92,3.08,3.77,3.12,3.54,3.12,2.87,2.31,3.13
"Oregon","US-OR",1.3,0.94,1.36,1.31,1.52,2.71,2.87,2.79,2.69,12.41,9.7,6.22,6.27,3.09,5.39,5.02,3.93,5.67,4.5,2.87,4.82,5.19,4.89,4.86,5.12,6.15,4.95,5.16,5.22,6.38,6.22,9.73,15.67,14.48,9.6,10.72,6.51,9.33,9.51,26.03,15.91,16.71,24.23,17.26,77.89,45.19,10.8,9.55,7.81,5.98,8.14,5.02,4.26,10.24,11.25,42.23,17.94,11.3,7.98,8.3,9.92,7.71,9.33,9.14,9.63,5.51,6.79,4.69,5,9.26,5.05,5.47,4.55,3.43,4.62,3.33,5.59,5.19,3.3,3.47,3.41,3.51,3.87,3.67,3.41,8.81,9.29,9.38,10.78,6.55,4.72,4.82,4.86,4.46,4.35,5.83,7.38,7.13,5.83,4.48,3.92,3.43,3.54,5.52,4.46,4.28,4.2,4.37,5.06,4.16,5.1,3.44,6.85,8.15,5.33,4.97,5.05,4.44,3.51,4.18,8.28,4.18,3.73,3.77,3.21,3.56,3.86,3.84,4.57,6.03,3.97,4.84,5.3,6.32,3.38,3.54,3.47,3.43,9.39,6.63,3.85,3.42,4.21,4.25,4.97,10.87,4.91,2.5,2.91,3.39,3.26,2.83,2.92,2.52,2.89,2.69,2.47,2.56,3.53,3,2.81,2.48,4.52,2.64,3.55,2.38,2.35,2.91,2.35,2.37,2.73,2.48,2.37,4.77,3.72,2.67,2.37,2.89,4.27,4.38,3.68,3.9,3.41,3.87,3.6,2.69,3.62,2.77,2.78,3.62,3.5,3.91,2.47,3.94,2.48,2.84,3.43,3.17,4.47,3.5,2.5,3.21,3.09,3.53,2.64,2.54,3.3,4.12,2.68,2.75,2.38,3.43,3.48,3.56,5.44,4.43,3.45,3.62,7.51,3.81,2.67,3.67,3.97,3.96,4.07,3.23,3.65,3.58,4.04
"Pennsylvania","US-PA",1.14,1.19,1.15,1.31,1.48,2.93,2.87,2.42,2.69,13.24,9.02,4.9,4.65,2.46,4.26,4.47,3.6,5.56,3.97,2.87,4.82,5.02,6.33,4.67,5.12,6.44,4.65,5.26,5,5.85,6.1,10.35,20,16.55,11.35,12.6,10.09,12.33,12.53,34.25,20.23,21.65,32.31,25.5,90.53,48.76,11.98,9.73,7,5.12,6.57,4.43,3.93,9.78,12.08,51.45,21.41,11.85,9.44,9.77,9.92,9,11.17,11.86,11.12,6.79,6.79,4.69,4.86,9.26,4.42,5.47,4.18,3.51,4.72,3.5,5.74,5.3,3.38,3.95,3.81,3.77,4.89,3.67,3.81,11.39,11.87,10.62,12.49,8.18,5.03,5.91,5.62,4.37,5.23,7.14,10.04,7.7,5.83,5.12,4.08,4.03,4.15,6.19,5,4.6,4.8,4.03,6.47,4.74,6.15,3.97,8.34,9.89,7.11,4.85,5.05,4.44,3.6,4.18,3.84,3.91,3.73,4.11,4.03,4.12,4.37,4.24,6.06,8.97,3.97,4.74,5.76,8.43,3.52,3.85,3.87,4.03,11.14,9.67,4.38,3.58,4.51,4.17,5.09,4.13,4.27,2.86,3.6,3.95,3.71,3.17,3.08,3.04,3.19,2.77,3.06,2.96,3.88,3,3.26,3.52,4.52,2.79,4,2.77,2.96,2.91,2.7,3.41,2.93,2.8,2.59,4.92,3.93,2.74,3.11,3.04,5.24,5.08,4.45,4.6,3.83,3.87,4.2,3.08,4.12,3,2.78,3.88,3.4,4,3.2,3.75,2.55,3.24,3.77,3.75,4.24,3.3,2.67,3.64,3.09,3.97,2.64,2.77,3.6,4.59,2.68,4.17,4.69,3.94,3.6,3.84,6.03,4.54,3.55,3.72,8.37,3.92,2.58,3.92,4.16,4.44,6.86,4.5,4.3,3.58,4.3
"Rhode Island","US-RI",1.22,0,1.7,1.03,1.52,2.5,3.39,1.94,2.81,14.07,8.85,6.02,4.86,2.97,4.61,4.84,3.4,5.44,3.79,2.33,4.73,5.53,6.11,4.1,4.84,4.9,4.36,4.74,5.11,5.64,5.85,8.78,17.33,15.07,8.87,9.53,7.66,8.33,8.91,28.08,17.73,18.35,24.55,20.35,90.53,43.41,12.38,10.65,7.98,5.73,7.29,5.36,4.66,13.66,12.5,50.68,20.78,11.3,7.81,10.26,9.76,9,10.33,10.29,9.36,6.54,6.79,5.1,5.42,10.11,5.37,6.05,6.55,4.63,4.82,3.17,7.5,5.51,3.67,4.34,2.76,3.09,3.95,4.25,3.57,8.81,9.81,10.48,8.32,5.64,4.82,4.73,4.95,3.51,4.16,6.55,9.12,8.72,5.52,5.52,3.85,3.94,5.08,6.38,5.15,4.72,3.9,5.49,4.82,4.06,5.73,3.53,8.49,8.87,6.67,4.48,5.37,5,3.26,4.07,3.96,4.55,3.73,3.77,3.52,4.22,4.63,3.67,4.8,7.18,3.88,4.95,5.76,14.76,3.97,4.15,3.71,3.43,10.34,6.2,3.23,3.83,4.21,3.92,5.09,4.57,3.82,2.93,3.26,3.39,4.15,3.33,3.92,2.74,2.67,2.31,3.18,2.8,4.76,2.67,2.89,2.76,5.03,3.07,3.64,2.31,2.52,3.44,2.61,2.96,3.13,3.04,2.3,5.38,4.24,2.59,2.37,3.11,5.78,5.08,3.77,4.9,4.24,3.58,5,3.54,3.62,3.46,2.56,2.82,3.9,4.45,2.8,3.56,3.1,3.24,3.77,3.83,5.06,3.6,2.5,3.43,3.43,3.53,3.18,3.92,3.8,3.19,2,3.42,3.15,4.46,3.96,3.28,5.88,4.32,4.09,3.62,8.71,4.5,2.92,4.33,3.87,4.56,4.07,4.04,4.17,2.65,4.17
"South Carolina","US-SC",0.97,0.78,1.03,1.07,1.19,2.43,3.3,2.36,4.94,11.59,7.15,3.67,3.46,1.83,2.87,3.26,2.4,3.78,3.26,1.8,4.09,4.17,3.44,3.62,3.44,4.52,3.35,3.89,3.78,4.47,4.15,7.69,12,10.64,7.27,8,5.23,7.67,7.7,20.55,12.27,14.12,18.74,14.94,77.89,36.27,10.02,7.9,6.84,4.51,6,3.66,3.48,8.22,10,40.7,16.37,10,7.65,7.81,8,7.14,8.5,8.43,9.22,4.62,5.51,3.86,4.03,7.37,3.79,5.81,3.73,2.83,3.69,3.08,4.85,4,2.55,3.32,2.84,2.83,3.39,3,3,9.49,10.06,9.52,9.84,6.18,4.21,5,5.24,4.2,4.26,6.07,7.85,7.58,4.79,4.16,3.23,3.34,4,4.86,3.54,3.51,3.7,4.03,4.94,3.77,6.04,3.79,7.45,8,6.56,4.36,4.21,4.22,3.17,4.18,3.36,3.55,3.16,3.6,3.83,3.28,3.43,3.59,5.26,6.92,3.09,4.32,5.45,6.81,3.52,3.38,4.82,4.46,8.27,5.87,3.31,3,4,3.58,4.12,3.8,3.27,2.29,3.17,3.55,3.09,2.67,2.62,2.22,2.67,2.54,2.53,2.48,3.35,2.67,2.3,2.86,4.13,2.57,3.18,2.31,1.83,2.38,2.17,2.81,2.6,2.48,2.52,4.62,3.41,2.52,2.44,2.74,5.07,4.5,3.97,3.7,3.72,5.13,3.8,2.54,3.5,2.62,2.44,3.09,3.6,3,2.4,3.38,2.14,2.84,3.17,3,3.88,2.9,2.08,2.68,2.4,3.09,2.18,2.23,2.8,3.47,2.21,2.75,4.69,3.51,4.32,4.31,5.88,4,3.55,3.52,7.17,3.12,2,3,3.68,3.24,3.54,3.23,3,2.77,3.26
"South Dakota","US-SD",1.19,0,0,0.97,0,3.07,2.7,2.06,2.56,9.38,5.45,2.96,3.57,2.91,2.96,3.53,2.2,5.22,3.26,2.33,3.09,2.89,3.56,4,4.56,4.62,4.65,4.42,4,5,4.63,9.1,14.33,12.41,8.15,10.04,6,9.33,9.21,24.66,15,16,22.94,18.03,66.32,35.08,10.02,7.9,5.86,5.73,6.14,4.43,3.41,9.78,10.83,43.77,24.87,13.7,12.21,10.09,9.28,8.29,11,10.14,11.39,5.9,8.46,6.48,5.14,8.63,4.74,5.7,4.18,3.69,4,3.17,5,6.16,3.45,4.58,3.32,4.46,4.5,2.42,3.24,9.76,11.1,10.34,11.35,6.91,5.74,5.27,5.05,4.46,5.13,6.19,10.5,8.38,6.04,5.76,4.54,2.14,3,4.67,5.15,3.83,4.8,4.37,6.35,5.71,7.5,3.71,6.7,9.45,7.33,5.45,4.63,5.11,4.54,5.46,4.68,3.91,3.65,4.03,2.9,4.03,4.29,4.08,6.86,8.46,5.03,4.63,6.21,8.27,3.75,4.62,4.26,4.03,11.45,6.52,3.69,3.25,5.03,3.5,4.85,4.35,4,2.07,3.34,3.79,4.41,2,2.92,3.04,2.52,4.23,3.53,2.32,3.62,2.67,3.56,3.14,4.52,2.71,2.18,2.92,2.09,3.26,1.65,2.67,3,1.84,1.85,4.92,3.52,2.3,2.07,3.04,5.87,4.38,3.68,4,3.62,3.68,3.9,2.46,2.88,2.38,2.33,2.91,3.4,3.09,3.33,4.12,2.55,3.08,3.43,3.92,3.65,3.8,2.17,1.82,2.97,3.18,2.91,2.62,2.5,3.84,2.68,2.5,3,3.77,3.12,3.19,5.29,4.11,3,3.83,7,2.77,2,3.58,4.26,3.24,4.82,2.42,3.52,2.65,3.13
"Tennessee","US-TN",0.86,0.78,0.67,0.97,0.95,2.29,2.52,2.48,2.19,10.21,6.47,3.78,3.57,2,3.13,3.07,2.73,4.11,3.09,1.93,3.91,4.34,3.56,3.52,3.63,4.52,3.49,3.68,3.78,4.79,4.76,7.37,12.33,9.75,7.56,8,6.13,7,7.55,23.63,12.27,14.35,23.91,19.06,76.84,41.03,9.62,7.9,6.35,4.51,6.86,4.09,3.61,9,10.62,46.84,19.83,10,7.98,7.16,8.16,7.71,8.83,8,8.27,5.26,6.67,4.28,4.44,7.37,4.32,5.47,4.18,3,4,2.92,5.44,4.43,3.07,3.55,2.84,3.17,3.71,3.17,3.57,8.68,9.42,9.52,10.03,7.45,4.92,5.27,5.33,3.94,3.87,6.19,7.73,7.47,5.31,4.48,3.46,3,3.85,4.48,3.77,3.32,4.2,3.77,5.06,3.58,6.35,3.53,7,8,6.56,4.48,4.63,4.67,3.6,4.07,3.84,3.36,3.32,3.69,3.62,3.56,3.86,3.84,5.37,7.18,3.53,5.05,5.3,7.3,3.3,3.31,3.32,3.43,7.64,6.09,3.46,3.33,4,3.58,4.97,3.8,3.09,2.21,2.91,3.08,3.44,2.56,2.54,2.52,2.81,2.54,2.53,2.32,3.35,2.87,2.74,2.57,4.13,2.14,3.18,2.15,1.91,2.65,2.26,4.15,2.93,2.64,2.37,4.77,3.83,2.52,2.52,2.67,5.16,4.15,3.87,4,3.41,3.48,3.5,2.62,3.88,2.46,2.44,3.09,3.5,3.18,2.47,3.56,2.21,2.51,2.91,3.17,3.88,2.9,2,2.57,2.17,2.82,1.91,2.23,2.5,3.47,2.37,2.33,2.54,3.26,3.36,3.56,5.44,4.11,3.18,3.1,7,3,2.17,3.25,3.97,3.48,3.86,3.12,3.13,2.31,3
"Texas","US-TX",0.78,0.62,0.76,0.76,0.9,1.79,1.83,1.76,1.75,12.97,6.13,4.08,2.7,1.49,2.61,2.79,2,3.22,2.21,1.53,3,3.15,3.89,3.24,2.88,4.33,3.56,3.47,3.67,4.47,4.27,6.59,12.33,9.75,6.4,7.49,5.49,7,7.25,24.32,12.95,15.29,22.94,18.55,86.32,39.24,10.02,7.53,6.19,4.27,5.71,3.66,3.15,8.07,9.17,41.46,18.26,9.81,7,7.65,8.96,7.57,8.33,8.29,8,5.13,5.51,3.86,4.03,6.74,3.58,5.12,3.82,2.49,3.69,2.5,4.56,3.89,2.48,2.61,2.35,2.4,3,2.83,2.59,7.73,8.26,7.72,8.32,5.82,4.72,4.36,4.1,3,3.29,5,6.12,6.23,4.69,3.36,2.77,2.57,2.54,3.71,2.92,2.68,3.1,2.57,4.12,3,5.1,2.82,6.55,6.98,6.22,3.64,3.68,3.67,2.83,3.21,2.76,2.73,2.59,3.34,2.79,3.19,3.26,3.02,4.46,5.9,3,3.89,4.7,6,2.92,2.62,2.53,2.57,7.16,5.22,2.85,2.58,3.49,2.83,3.76,3.26,2.64,1.79,2.4,3,2.47,1.89,1.92,1.93,2.07,2,2.18,2.24,3.18,1.89,1.93,1.9,3.48,1.86,2.55,1.77,1.57,1.94,1.91,2.07,2,1.84,1.93,4,2.79,2.07,1.85,2,4.09,3.12,2.81,2.9,2.9,2.61,3.1,1.92,2.88,1.85,1.78,2.29,2.4,2.45,1.93,2.72,1.66,1.95,2.31,2.58,3.18,2.2,1.75,2.36,2.06,2.65,1.91,1.77,2,2.72,1.89,1.75,2,2.66,3,2.91,4.71,2.81,2.36,2.59,5.63,2.42,2.33,2.33,2.9,2.52,2.57,2.31,2.48,2.08,2.35
"Utah","US-UT",1.03,0.62,0.79,1.24,0.9,2,1.91,1.58,1.69,11.59,6.47,3.78,3.46,1.6,3.39,3.26,2.47,3.67,2.65,1.8,3,3.57,3.89,3.33,4,4.71,3.93,4.21,4.33,5,4.51,7.06,12.33,11.23,8,7.83,5.87,7.33,8.91,22.26,15,16.47,22.62,16.74,74.74,33.89,9.04,6.98,5.37,4.39,6.43,4.43,3.48,9.93,10.83,45.3,19.83,11.3,8.47,7.16,8.64,7.29,8.5,9.57,9.63,5.64,7.18,4.41,4.72,8.42,4.42,5.93,4.55,3.09,3.79,2.92,4.71,5.08,3.52,3.71,3.24,3,4.18,3.67,3.24,8.81,8.52,9.52,11.73,7.45,4.62,5.27,5.24,3.77,3.97,5.83,7.38,6.91,5.21,4.88,3.46,3.09,3.23,4.95,3.92,3.89,3.8,3.94,4.94,3.77,4.58,3.18,7,7.42,5.89,4.48,4.74,4.44,3.34,3.86,3.6,3.73,3.49,3.69,3,3.19,3.51,3.27,5.26,6.92,3.26,4.95,5.61,6.32,2.92,3.23,3.16,3,8.11,5.98,3.62,2.92,3.79,3.42,4.24,3.7,2.91,2.21,2.83,3.47,3.18,2.56,2.23,2.52,2.52,2.15,2.47,2.48,2.91,2.48,2.07,2.19,3.61,2.36,2.73,2.23,1.91,3.09,2.09,2.74,2.27,2.16,2.44,4.31,3.1,2,2.3,2.44,3.73,3.69,3.1,3.7,3.31,3.1,3.8,2.54,3.75,2.46,11.11,3.71,3.2,3.18,2.13,3.56,2.14,2.43,2.83,2.75,3.53,2.6,2.25,3.11,2.63,3.18,2.18,2.08,2.5,3.56,2.42,2.08,2.38,3.26,3.24,3.38,5.15,4,2.91,3.41,5.98,2.88,2.17,2.75,3.29,3.6,3,3.12,2.48,3,3
"Vermont","US-VT",1.68,1.53,1.15,1.31,1.71,3.57,3.39,3.76,3.56,21.79,12.43,8.06,8.11,3.54,5.48,6.42,3.73,6,3.88,2.4,4.64,5.7,6,5.05,4.74,6.35,5.45,4.11,4.44,6.28,6.59,10.98,20,15.36,10.33,11.4,7.79,10.33,10.26,30.14,19.77,21.65,27.14,21.12,74.74,50.54,14.93,10.47,10.09,6.59,8.86,4.6,5.11,11.17,14.17,52.21,20.15,11.85,9.44,9.77,10.56,9,13,11.57,10.71,6.92,7.82,4.83,6.81,10.74,4.63,4.53,4.09,3.69,4.92,3.58,6.03,4.86,2.92,3.71,3.41,3.6,4.89,3.33,2.43,10.98,9.42,10.34,10.59,6.73,4.82,5.09,4.38,3.94,3.68,6.07,7.62,7.58,7.19,4.96,4,3.51,3.46,7.52,4.46,4.53,5.4,4.46,5.88,5.03,6.15,4.24,8.19,9.45,7.33,5.58,6,5.33,4.11,4.71,4.44,4.73,3.08,3.43,3.52,4.03,5.91,3.76,5.37,6.03,4.68,4.53,6.21,7.46,4.27,4.08,3.95,4.29,10.82,7.72,4.38,3.58,5.23,5.08,5.94,4.78,3.55,2.43,3.6,3.47,4.5,3.83,2.69,2.74,2.74,3.46,2.65,2.24,4.32,4.24,2.96,3.05,4.65,2.71,3.82,3.23,2.78,3.35,3.65,2.89,3,3.2,2.52,4.77,4.45,3.11,2.74,2.59,5.51,4.5,4.65,3.7,3.62,3.97,3.2,2.62,4.62,3.54,2.89,3.26,3.7,3.45,3.87,4.59,2.34,3.16,3.17,3.17,5.18,3.9,2.5,3.86,2.63,3.79,2.82,2.23,4.4,4.59,2.63,3.58,4.23,5.91,4.92,3.75,5.59,4.76,4.18,3.72,8.37,4.15,3.58,4,3.97,5.04,3.96,3.92,3.26,3.23,4.04
"Virginia","US-VA",1.22,1.16,1.3,1.28,1.29,2.86,3.04,2.55,3.31,17.66,7.83,5.1,4.76,2.34,4.17,4.19,3.47,4.78,3.88,2.47,4.45,4.85,5.11,4.19,4.56,5.19,4.15,4.53,4.56,5.21,5.24,8.31,18,13.59,8.15,9.02,6.13,8.33,8.6,27.74,16.14,16.94,25.85,19.83,82.11,41.62,11.2,8.45,7.16,5.49,6.71,4.68,3.74,9.16,11.25,51.45,20.15,10.37,7.98,7.16,7.84,6.86,8.67,8.86,8.41,5.64,6.28,5.24,4.86,8.21,5.47,5.58,4.36,3.51,4.51,3.58,6.47,4.86,3.3,3.63,3,3.26,4.58,3.67,3.49,9.63,9.16,8.97,8.89,6.18,4.72,5.09,5.14,4.37,4.65,6.67,7.38,7.36,5.83,4.88,3.92,3.77,3.69,5.62,4.54,3.51,4.7,4.29,5.41,4.26,6.35,4.06,7.74,8.44,5.89,4.61,4.84,4.67,3.77,4.18,3.84,3.73,3.57,3.77,3.83,4.03,4.2,4.08,5.14,6.41,3.53,4.21,5.45,6.81,3.38,3.54,3.63,3.69,8.27,5.76,3.31,3.5,4.31,3.83,4.73,3.91,3.45,2.5,3.09,3.63,3.71,2.89,3.08,2.89,3.04,2.92,3,2.88,3.62,3.13,3.04,3.14,4.26,2.86,3.73,4.23,2.43,3.09,2.61,2.81,2.67,2.8,2.74,4.92,3.93,2.74,2.67,2.89,4.71,4.38,3.87,4.1,3.62,3.97,4.3,2.77,4,2.62,2.44,3.09,3,3.45,2.67,3.94,2.41,3,3.43,3.33,4.24,3.4,2.58,3.64,3.31,4.15,2.55,2.46,3.2,4.41,2.63,2.75,2.85,3.6,3.84,3.84,5.74,4.43,3.64,3.72,7.85,4.04,2.83,3.83,3.97,3.96,4.07,3.35,3.39,3.35,3.65
"Washington","US-WA",1.24,0.91,1.09,1.21,1.29,2.29,2.61,2.85,2.56,16.28,11.23,6.12,5.62,2.74,4.96,4.84,3.4,4.89,4.06,2.8,4.36,4.51,4.89,4.48,4.65,5.29,4.51,4.84,4.78,5.74,5.49,8.16,17,17.43,8.73,9.02,6.26,7.83,8.75,26.03,16.59,19.53,26.82,19.83,87.37,45.78,10.41,8.82,7.16,5.49,7.14,5.11,3.87,9.16,9.58,46.84,21.09,10.37,7.49,7.49,8.32,7.71,8.5,7.57,8.54,6.15,6.54,4.83,5,8.42,5.05,5.58,4.64,3.43,4.51,3,5.74,5.08,3.15,3.63,2.92,3.09,4.03,3.33,3.16,8.14,9.03,8.28,10.03,6.73,5.03,5.27,5.14,4.37,4.16,6.43,7.15,7.13,5.42,4.64,3.92,3.34,3.62,5.43,3.77,3.57,4.2,3.94,5.18,4.06,5.1,3.71,6.85,7.71,5,4.73,4.53,4.22,3.26,3.86,12,3.82,3.65,3.6,3.72,3.47,3.77,3.51,4.57,5.64,3.18,4.21,5,6.65,3.52,3.31,3.16,3.34,7.64,5.98,3.77,3.17,4.31,3.75,4.73,4.67,3.36,2.43,2.83,3.63,3.26,2.44,2.38,2.67,2.74,2.38,2.82,2.56,3.35,2.54,2.67,2.48,4.26,2.5,3.55,2.38,2.17,2.82,2.35,2.44,2.4,2.4,2.3,4.77,3.62,2.3,2.37,2.37,4.27,4.27,3.58,3.8,3.52,3.19,3.7,2.62,3.62,2.69,2.44,3.26,3.2,3.36,2.67,3.47,2.34,2.84,3.17,3,4.47,3.2,2.33,3.54,3.09,3.18,2.55,2.46,3.3,3.94,2.68,2.67,2.46,3.6,3.6,3.28,5.44,4.54,3.45,3.52,6.49,3.81,2.5,3.08,3.48,3.6,3.75,3.12,3.65,11.54,4.43
"West Virginia","US-WV",1.19,1.16,0.73,0.97,1.1,1.93,2.09,1.21,1.88,9.1,6.47,3.57,4.11,1.89,3.48,3.81,3.6,4.22,4.15,2.2,3.82,3.74,4.11,4.76,4.09,5.48,4,4.42,4.22,5.74,5.85,8.78,14,12.11,9.16,9.36,7.4,7.67,9.36,26.03,14.55,17.88,25.52,20.09,72.63,38.65,11.2,9.73,7,5.61,6.71,4.6,4.92,10.24,13.12,48.38,25.5,13.15,11.07,9.6,10.24,8.86,11,9.57,10.03,7.18,6.79,4.97,4.72,7.37,4.74,6.16,4.55,3.26,4.41,3.08,5.44,5.3,3.52,3.79,3.16,3.77,4.5,3.5,3.97,10.98,10.71,11.86,13.62,8.36,6.15,6.27,4.86,5.31,5.13,7.5,9.92,9.62,6.88,5.36,4.15,3.86,4.38,6.29,5.23,3.96,5,4.29,7.41,5.03,6.46,4.15,8.64,10.04,7.44,5.33,5.37,4.33,3.86,4.61,4.68,3.82,4.22,4.63,4.76,4.59,5.57,4.9,5.83,8.59,4.5,5.26,5.45,8.43,3.82,3.46,4.11,4.2,9.55,6.2,4.38,4,4.62,3.92,5.7,5,3.55,2.29,3.51,4.18,3.97,2.89,2.92,3.85,3.41,3.46,3.29,2.32,4.06,2.8,3.11,2.95,4.52,3.57,3.45,2.46,2.09,2.91,2.26,3.93,3.2,2.4,2.3,5.23,3.83,3.33,3.33,2.67,4.62,4.96,4.74,4.9,4.03,4.26,4.5,2.85,3.75,2.69,2.44,3.35,4.1,3.82,3.27,4.59,2.55,2.51,3.34,3.42,5.06,3.5,2.75,3.43,2.86,3.44,3,2.46,3.4,5.53,3,2.92,2.62,4.8,4.44,4.41,6.18,4.43,3.73,3.41,7.34,3.92,2.67,4.75,5.03,4.44,5.14,4.38,3.91,3,3.78
"Wisconsin","US-WI",0.89,0.84,1.15,0.97,1.29,2.71,2.35,1.94,2.12,10.48,7.66,4.59,4.86,2.91,5.3,4.37,3,4.78,3.26,2.27,3.82,3.83,4.11,3.81,4.28,5.58,4.36,4.63,5.67,6.49,5.98,9.88,17,15.66,10.18,13.45,8.81,10.5,11.62,28.42,15.91,17.88,27.78,23.95,73.68,39.84,9.82,8.45,7.16,5.49,7,4.6,3.87,9.47,10.21,45.3,20.46,10.93,8.95,10.09,8.8,8,10.33,9.14,9.9,6.79,7.44,5.1,5.14,8.63,4.84,5.58,4.27,3.26,4.31,3.33,5.29,5.08,4.5,4.18,3,3.17,3.39,3.5,3.57,9.49,9.29,9.1,12.3,8.18,5.03,5.73,5.71,4.8,4.65,6.79,9,8.38,6.25,4.96,4.23,3.86,4.08,6.67,4.54,4.34,4.5,4.29,5.53,4.65,5.52,4.06,7.6,9.16,6.56,4.73,4.42,4.78,3.6,4.61,4.08,4.18,4.14,4.11,3.62,4.03,4.37,4.16,5.71,7.95,4.15,5.05,6.21,7.78,3.82,3.77,3.71,3.94,10.5,7.61,5.08,3.83,4.51,4.5,5.09,4.57,3.82,2.86,3.51,3.95,3.53,2.89,2.92,2.89,3.19,2.54,2.76,2.48,3.71,3.2,2.96,2.95,6.84,2.57,3.36,2.77,2.35,2.82,2.61,3.04,2.73,2.72,2.67,4.77,4.24,2.74,2.74,2.59,4.8,4.38,3.77,3.9,3.62,3.58,4.3,2.85,4.12,2.69,2.56,4.68,3.8,4.27,2.87,3.56,2.41,2.92,3.69,3.33,3.88,3.4,2.5,3.43,2.63,3.44,2.55,2.46,3,5.06,2.68,2.75,2.38,3.51,4.2,3.75,5.74,4.65,3.55,3.62,8.02,5.54,2.83,4.08,4.84,5.88,4.61,3.81,3.91,4.85,3.78
"Wyoming","US-WY",0,0,0,1.9,0,1.79,2.7,2.73,1.56,11.59,6.13,4.69,3.24,1.49,3.91,2.98,3.13,5,3,1.93,3.64,4.51,3.67,3.05,4.37,3.75,4.22,4.95,4.11,5.53,3.9,7.37,14.67,11.23,9.6,9.02,7.28,9.5,9.51,26.71,14.77,17.41,27.78,17.26,67.37,39.84,8.45,9.55,6.35,5.37,6.71,6.3,5.31,11.48,13.12,47.61,27.07,15,10.91,9.6,9.6,9.29,10.33,10.71,11.66,6.79,8.97,5.52,5.69,8.42,3.47,7.21,5.18,2.91,4.51,3.75,6.91,4.97,3.38,4.89,3.57,4.29,5.68,5.17,3.32,8.81,12.9,13.79,16.84,10.55,7.18,6.82,5.9,4.97,4.84,7.02,11.19,9.96,7.08,5.76,4.08,3.77,4.23,5.9,4.85,5.68,5.8,3.86,6.12,4.94,6.25,4.59,7.89,11.64,8.33,6.55,5.89,5.89,4.11,6,3.96,4.36,4.3,3.94,4.34,3.19,4.03,4.41,5.03,9.49,5.03,4.42,6.82,8.43,5.02,3,3.24,4.37,7.8,7.5,4.92,3.83,4.51,3.08,4.73,4.35,3.09,3,3.51,4.03,4.06,2.67,3.23,2.44,2.74,2.08,2.24,3.44,3.88,3.46,3.41,2.95,5.55,2.86,2.64,2.62,2.35,2.65,2.87,4.44,2.8,2.48,2.81,4.31,4.76,2.74,1.93,2.52,4.71,4.27,3.29,5.2,4.03,3.39,4.4,3,3.5,3.08,2.78,3.35,3.4,3.82,3.4,4.03,2.83,3.65,3.34,2.67,4.35,4.2,2.92,3,3.2,3.35,2.45,2.92,3.7,4.03,2.32,2.67,3,2.14,4.56,4.12,7.79,4.86,3.73,3.52,7.85,3.58,2,4.25,3.1,3.96,3,3.58,3.39,3.23,4.43
